Series,smiles,activity,Source
SFK52,CNS(=O)(=O)c1ccc(cc1)-c1cnc2ccc(nn12)-c1cccc(c1)S(=O)(=O)C,0.0577,Inhouse
SFK52,CNS(=O)(=O)c1ccc(cc1)-c1cnc2ccc(nn12)-c1cccc(c1)S(=O)(=O)C,0.0957,Inhouse
SFK52,CC(=O)c1ccc(cc1)-c1cnc2ccc(nn12)-c1cccc(c1)S(=O)(=O)C,0.137,Inhouse
SFK52,CC(=O)c1ccc(cc1)-c1cnc2ccc(nn12)-c1cccc(c1)S(=O)(=O)C,0.163,Inhouse
SFK52,Cc1ccc(cc1)-c1cnc2ccc(nn12)-c1cccc(c1)S(=O)(=O)C,30,Inhouse
SFK52,Cc1ccc(cc1)-c1cnc2ccc(nn12)-c1cccc(c1)S(=O)(=O)C,30,Inhouse
SFK52,CS(=O)(=O)c1cccc(c1)-c1ccc2ncc(n2n1)-c1ccc(cc1)C(=O)NC1CC1,1.68,Inhouse
SFK52,CS(=O)(=O)c1cccc(c1)-c1ccc2ncc(n2n1)-c1ccc(cc1)C(=O)NC1CC1,1.13,Inhouse
SFK52,CS(=O)(=O)c1cccc(c1)-c1ccc2ncc(n2n1)-c1ccc(cc1)C(=O)NC1CC1,0.62,Inhouse
SFK52,CS(=O)(=O)c1cccc(c1)-c1ccc2ncc(n2n1)-c1ccc(cc1)C(=O)NC1CC1,0.489,Inhouse
SFK52,CS(=O)(=O)c1cccc(c1)-c1ccc2ncc(n2n1)-c1ccc(cc1)S(=O)(=O)N,10,Inhouse
SFK52,CS(=O)(=O)c1cccc(c1)-c1ccc2ncc(n2n1)-c1ccc(cc1)S(=O)(=O)N,0.662,Inhouse
SFK52,CS(=O)(=O)c1cccc(c1)-c1ccc2ncc(n2n1)-c1ccc(cc1)S(=O)(=O)N,3.34,Inhouse
SFK52,CS(=O)(=O)c1cccc(c1)-c1ccc2ncc(n2n1)-c1ccc(cc1)S(=O)(=O)N,4.9,Inhouse
SFK52,CS(=O)(=O)c1cccc(c1)-c1ccc2ncc(n2n1)-c1ccc(cc1)S(=O)(=O)N,1.54,Inhouse
SFK52,CS(=O)(=O)c1cccc(c1)-c1ccc2ncc(n2n1)-c1ccc(cc1)S(=O)(=O)N,0.576,Inhouse
SFK52,CN1CCN(CC1)C(=O)c1cccc(c1)-c1ccc2ncc(n2n1)-c1ccc(cc1)S(=O)(=O)C,0.215,Inhouse
SFK52,CN1CCN(CC1)C(=O)c1cccc(c1)-c1ccc2ncc(n2n1)-c1ccc(cc1)S(=O)(=O)C,0.369,Inhouse
SFK52,CS(=O)(=O)c1ccc(cc1)-c1cnc2ccc(nn12)-c1cccc(c1)S(=O)(=O)NC1CC1,0.0151,Inhouse
SFK52,CS(=O)(=O)c1ccc(cc1)-c1cnc2ccc(nn12)-c1cccc(c1)S(=O)(=O)NC1CC1,0.0171,Inhouse
SFK52,CS(=O)(=O)c1ccc(cc1)-c1cnc2ccc(nn12)-c1cccc(c1)NS(=O)(=O)C1CC1,10,Inhouse
SFK52,CS(=O)(=O)c1ccc(cc1)-c1cnc2ccc(nn12)-c1cccc(c1)NS(=O)(=O)C1CC1,10,Inhouse
SFK52,CS(=O)(=O)c1ccc(cc1)-c1cnc2ccc(nn12)-c1cccc(c1)C(=O)N1CCNCC1,6.05,Inhouse
SFK52,CS(=O)(=O)c1ccc(cc1)-c1cnc2ccc(nn12)-c1cccc(c1)C(=O)N1CCNCC1,0.0436,Inhouse
SFK52,CS(=O)(=O)c1ccc(cc1)-c1cnc2ccc(nn12)-c1cccc(c1)C(=O)N1CCNCC1,0.0971,Inhouse
SFK52,CS(=O)(=O)c1ccc(cc1)-c1cnc2ccc(nn12)-c1cccc(c1)C(=O)N1CCNCC1,0.0653,Inhouse
SFK52,CS(=O)(=O)c1ccc(cc1)-c1cnc2ccc(nn12)-c1cccc(c1)C(=O)N1CCCCC1,0.528,Inhouse
SFK52,CS(=O)(=O)c1ccc(cc1)-c1cnc2ccc(nn12)-c1cccc(c1)C(=O)N1CCCCC1,0.336,Inhouse
SFK57,CS(=O)(=O)c1ccc(cc1)-c1nnc2ccc(cn12)-c1cccc(c1)S(=O)(=O)NC1CC1,30,Inhouse
SFK57,CS(=O)(=O)c1ccc(cc1)-c1nnc2ccc(cn12)-c1cccc(c1)S(=O)(=O)NC1CC1,30,Inhouse
SFK52,COc1ccc(cc1OC)-c1cnc2ccc(nn12)-c1cccnc1,0.577,Inhouse
SFK52,COc1ccc(cc1OC)-c1cnc2ccc(nn12)-c1cccnc1,0.0584,Inhouse
SFK52,COc1ccc(cc1OC)-c1cnc2ccc(nn12)-c1cccnc1,0.792,Inhouse
SFK52,CS(=O)(=O)c1cccc(c1)-c1ccc2ncc(n2n1)-c1ccncc1,0.0054,Inhouse
SFK52,CS(=O)(=O)c1cccc(c1)-c1ccc2ncc(n2n1)-c1ccncc1,0.241,Inhouse
SFK52,CS(=O)(=O)c1cccc(c1)-c1ccc2ncc(n2n1)-c1ccncc1,0.167,Inhouse
SFK52,CS(=O)(=O)c1ccc(cc1)-c1cnc2ccc(nn12)-c1cccc(c1)C(=O)NCCO,0.19,Inhouse
SFK52,CS(=O)(=O)c1ccc(cc1)-c1cnc2ccc(nn12)-c1cccc(c1)C(=O)NCCO,0.225,Inhouse
SFK52,NCc1cccc(c1)-c1ccc2ncc(n2n1)-c1ccncc1,0.0435,Inhouse
SFK52,NCc1cccc(c1)-c1ccc2ncc(n2n1)-c1ccncc1,0.042,Inhouse
SFK52,NCc1cccc(c1)-c1ccc2ncc(n2n1)-c1ccncc1,0.0426,Inhouse
SFK52,CS(=O)(=O)c1cccc(c1)-c1ccc2ncc(n2n1)-c1ccc(cc1)C(=O)N,0.0562,Inhouse
SFK52,CS(=O)(=O)c1cccc(c1)-c1ccc2ncc(n2n1)-c1ccc(cc1)C(=O)N,0.116,Inhouse
SFK52,CS(=O)(=O)c1ccc(cn1)-c1cnc2ccc(nn12)-c1cccc(c1)S(=O)(=O)C1CC1,0.00831,Inhouse
SFK52,CS(=O)(=O)c1ccc(cn1)-c1cnc2ccc(nn12)-c1cccc(c1)S(=O)(=O)C1CC1,0.00757,Inhouse
SFK52,CS(=O)(=O)c1ccc(cn1)-c1cnc2ccc(nn12)-c1cccc(c1)S(=O)(=O)C1CC1,0.000508,Inhouse
SFK52,CS(=O)(=O)c1ccc(cc1)-c1cnn2ccc(nc12)-c1cccc(c1)S(=O)(=O)C1CC1,0.0667,Inhouse
SFK52,CS(=O)(=O)c1ccc(cc1)-c1cnn2ccc(nc12)-c1cccc(c1)S(=O)(=O)C1CC1,0.00343,Inhouse
SFK52,CS(=O)(=O)c1ccc(cc1)-c1cnn2ccc(nc12)-c1cccc(c1)S(=O)(=O)C1CC1,0.0213,Inhouse
SFK52,CS(=O)(=O)c1ccc(cc1)-c1cnc2ccc(nn12)-c1cncc(c1)N,1.27,Inhouse
SFK52,CS(=O)(=O)c1ccc(cc1)-c1cnc2ccc(nn12)-c1cncc(c1)N,0.661,Inhouse
SFK52,CS(=O)(=O)c1ccc(cc1)-c1cnc2ccc(nn12)-c1cncc(c1)N,0.689,Inhouse
SFK52,CS(=O)(=O)c1ccc(cc1)-c1cnn2ccc(cc12)-c1cccc(c1)S(=O)(=O)C,0.825,Inhouse
SFK52,CS(=O)(=O)c1ccc(cc1)-c1cnn2ccc(cc12)-c1cccc(c1)S(=O)(=O)C,1.5,Inhouse
SFK40,CS(=O)(=O)c1ccc(cc1)-c1cnc(c(c1)-c1ccc(nc1)C(F)(F)F)N,10,Inhouse
SFK40,Nc1ncc(nc1-c1ccc(cc1)C(F)(F)F)-c1ccc(cc1)C(=O)N1CCNCC1,10,Inhouse
SFK40,Nc1ncc(nc1-c1ccc(cc1)C(F)(F)F)-c1ccc(cc1)C(=O)N1CCNCC1,10,Inhouse
SFK52,CS(=O)(=O)c1ccc(cc1)-c1cnc2ccc(nn12)-c1cccc(c1)S(=O)(=O)C,0.119,Inhouse
SFK52,CS(=O)(=O)c1ccc(cc1)-c1cnc2ccc(nn12)-c1cccc(c1)S(=O)(=O)C,1.76,Inhouse
SFK52,CS(=O)(=O)c1ccc(cc1)-c1cnc2ccc(nn12)-c1cccc(c1)S(=O)(=O)C,1.47,Inhouse
SFK52,CS(=O)(=O)c1ccc(cc1)-c1cnc2ccc(nn12)-c1cccc(c1)S(=O)(=O)C,1.91,Inhouse
SFK52,CS(=O)(=O)Nc1cccc(c1)-c1cnc2ccc(nn12)-c1cccc(c1)S(=O)(=O)C,0.331,Inhouse
SFK52,CS(=O)(=O)Nc1cccc(c1)-c1cnc2ccc(nn12)-c1cccc(c1)S(=O)(=O)C,0.401,Inhouse
SFK52,CS(=O)(=O)c1ccc(cc1)-c1cnc2ccc(nn12)-c1cccc(c1)C(=O)N,0.346,Inhouse
SFK52,CS(=O)(=O)c1ccc(cc1)-c1cnc2ccc(nn12)-c1cccc(c1)C(=O)N,0.482,Inhouse
SFK52,CS(=O)(=O)c1ccc(cc1)-c1cnc2ccc(nn12)-c1cccc(c1)C(F)(F)F,3.58,Inhouse
SFK52,CS(=O)(=O)c1ccc(cc1)-c1cnc2ccc(nn12)-c1cccc(c1)C(F)(F)F,4.4,Inhouse
SFK52,CS(=O)(=O)c1ccc(cc1)-c1cnc2ccc(nn12)-c1cccc(c1)C(F)(F)F,2.02,Inhouse
SFK52,CS(=O)(=O)c1ccc(cc1)-c1cnc2ccc(nn12)-c1cccc(c1)S(=O)(=O)N,0.0895,Inhouse
SFK52,CS(=O)(=O)c1ccc(cc1)-c1cnc2ccc(nn12)-c1cccc(c1)S(=O)(=O)N,0.114,Inhouse
SFK52,CS(=O)(=O)c1cccc(c1)-c1ccc2ncc(n2n1)-c1cccc(c1)S(=O)(=O)C,0.0902,Inhouse
SFK52,CS(=O)(=O)c1cccc(c1)-c1ccc2ncc(n2n1)-c1cccc(c1)S(=O)(=O)C,0.111,Inhouse
SFK52,CS(=O)(=O)c1cccc(c1)-c1ccc2ncc(n2n1)-c1ccc(cc1)-c1nn[nH]n1,0.807,Inhouse
SFK52,CS(=O)(=O)c1cccc(c1)-c1ccc2ncc(n2n1)-c1ccc(cc1)-c1nn[nH]n1,0.611,Inhouse
SFK52,CS(=O)(=O)c1ccc(cc1)-c1cnc2ccc(nn12)-c1cccc(c1)S(=O)(=O)C1CC1,0.355,Inhouse
SFK52,CS(=O)(=O)c1ccc(cc1)-c1cnc2ccc(nn12)-c1cccc(c1)S(=O)(=O)C1CC1,0.272,Inhouse
SFK52,CS(=O)(=O)c1ccc(cc1)-c1cnc2ccc(nn12)-c1cccc(c1)S(=O)(=O)N1CCCC1,0.045,Inhouse
SFK52,CS(=O)(=O)c1ccc(cc1)-c1cnc2ccc(nn12)-c1cccc(c1)S(=O)(=O)N1CCCC1,0.0601,Inhouse
SFK52,CS(=O)(=O)c1ccc(cc1)-c1cnc2ccc(nn12)-c1cncc(c1)S(=O)(=O)C,30,Inhouse
SFK52,CS(=O)(=O)c1cccc(c1)-c1ccc2ncc(n2n1)-c1ccc(nc1)S(=O)(=O)C,0.00645,Inhouse
SFK52,CS(=O)(=O)c1cccc(c1)-c1ccc2ncc(n2n1)-c1ccc(nc1)S(=O)(=O)C,0.00664,Inhouse
SFK52,CS(=O)(=O)c1cccc(c1)-c1ccc2ncc(n2n1)-c1ccc(cc1)S(=O)(=O)N1CCC1,0.116,Inhouse
SFK52,CS(=O)(=O)c1cccc(c1)-c1ccc2ncc(n2n1)-c1ccc(cc1)S(=O)(=O)N1CCC1,0.377,Inhouse
SFK52,CS(=O)(=O)c1cccc(c1)-c1ccc2ncc(n2n1)-c1ccc(cc1)S(=O)(=O)N1CCC1,3.77,Inhouse
SFK52,CS(=O)(=O)c1cccc(c1)-c1ccc2ncc(n2n1)-c1ccc(cc1)S(=O)(=O)N1CCC1,0.226,Inhouse
SFK52,CS(=O)(=O)c1cccc(c1)-c1ccc2ncc(n2n1)-c1ccc(cc1)S(=O)(=O)N1CCC1,1.6,Inhouse
SFK52,CS(=O)(=O)c1cccc(c1)-c1ccc2ncc(n2n1)-c1ccc(cc1)S(=O)(=O)N1CCC1,2.9,Inhouse
SFK52,CS(=O)(=O)c1cccc(c1)-c1ccc2ncc(n2n1)-c1ccc(cc1)S(=O)(=O)N1CCC1,1.75,Inhouse
SFK52,CS(=O)(=O)c1cccc(c1)-c1ccc2ncc(n2n1)-c1ccc(cc1)S(=O)(=O)N1CCC1,0.835,Inhouse
SFK52,CS(=O)(=O)c1cccc(c1)-c1ccc2ncc(n2n1)-c1ccc(cc1)S(=O)(=O)NCCO,0.491,Inhouse
SFK52,CS(=O)(=O)c1cccc(c1)-c1ccc2ncc(n2n1)-c1ccc(cc1)S(=O)(=O)NCCO,1.2,Inhouse
SFK52,CS(=O)(=O)c1cccc(c1)-c1ccc2ncc(n2n1)-c1ccc(cc1)S(=O)(=O)NCCO,0.807,Inhouse
SFK52,CS(=O)(=O)c1cccc(c1)-c1ccc2ncc(n2n1)-c1ccc(cc1)S(=O)(=O)NCCO,1.84,Inhouse
SFK52,CS(=O)(=O)c1cccc(c1)-c1ccc2ncc(n2n1)-c1ccc(cc1)S(=O)(=O)NCCO,5.06,Inhouse
SFK52,CS(=O)(=O)c1cccc(c1)-c1ccc2ncc(n2n1)-c1ccc(cc1)S(=O)(=O)NCCO,4.2,Inhouse
SFK52,Cn1cnc2cc(ccc12)-c1cnc2ccc(nn12)-c1cccc(c1)S(=O)(=O)C,0.87,Inhouse
SFK52,Cn1cnc2cc(ccc12)-c1cnc2ccc(nn12)-c1cccc(c1)S(=O)(=O)C,1.1,Inhouse
SFK52,Cn1ncc2cc(ccc12)-c1cnc2ccc(nn12)-c1cccc(c1)S(=O)(=O)C,0.0367,Inhouse
SFK52,Cn1ncc2cc(ccc12)-c1cnc2ccc(nn12)-c1cccc(c1)S(=O)(=O)C,0.0274,Inhouse
SFK52,CS(=O)c1ccc(cc1)-c1cnc2ccc(nn12)-c1cccc(c1)S(=O)C,2.33,Inhouse
SFK52,CS(=O)c1ccc(cc1)-c1cnc2ccc(nn12)-c1cccc(c1)S(=O)C,4.09,Inhouse
SFK52,CS(=O)(=O)c1ccc(cc1)-c1cnc2ccc(nn12)Nc1cccc(c1)S(=O)(=O)C,0.59,Inhouse
SFK52,CS(=O)(=O)c1ccc(cc1)-c1cnc2ccc(nn12)Nc1cccc(c1)S(=O)(=O)C,0.0301,Inhouse
SFK52,CS(=O)(=O)c1ccc(cc1)-c1cnc2ccc(nn12)Nc1cccc(c1)S(=O)(=O)C,0.0228,Inhouse
SFK52,CS(=O)(=O)c1ccc(cc1)-c1cnc2ccc(nn12)Nc1cccc(c1)S(=O)(=O)C,0.0114,Inhouse
SFK52,CS(=O)c1ccc(cc1)-c1cnc2ccc(nn12)-c1cccc(c1)S(=O)(=O)C1CC1,0.641,Inhouse
SFK52,CS(=O)c1ccc(cc1)-c1cnc2ccc(nn12)-c1cccc(c1)S(=O)(=O)C1CC1,0.629,Inhouse
SFK52,CS(=O)c1ccc(cc1)-c1cnc2ccc(nn12)-c1cccc(c1)S(=O)(=O)C1CC1,0.297,Inhouse
SFK52,CS(=O)(=O)c1cccc(c1)-c1ccc2ncc(n2n1)-c1ccc(cc1)C(=O)O,0.457,Inhouse
SFK52,CS(=O)(=O)c1cccc(c1)-c1ccc2ncc(n2n1)-c1ccc(cc1)C(=O)O,0.378,Inhouse
SFK52,CS(=O)(=O)c1ccc(cc1)-c1cnc2ccc(nn12)-c1cccc(c1)S(=O)(=O)CCCN,1.3,Inhouse
SFK52,CS(=O)(=O)c1ccc(cc1)-c1cnc2ccc(nn12)-c1cccc(c1)S(=O)(=O)CCCN,0.000509,Inhouse
SFK52,CS(=O)(=O)c1ccc(cc1)-c1cnc2ccc(nn12)-c1cccc(c1)S(=O)(=O)CCCN,0.00785,Inhouse
SFK52,CS(=O)(=O)c1ccc(cc1)-c1cnc2ccc(nn12)-c1cccc(c1)C(=O)N1CCC(O)CC1,0.145,Inhouse
SFK52,CS(=O)(=O)c1ccc(cc1)-c1cnc2ccc(nn12)-c1cccc(c1)C(=O)N1CCC(O)CC1,0.22,Inhouse
SFK52,CS(=O)(=O)c1ccc(cc1)-c1cnn2ccc(nc12)-c1cccc(c1)C(=O)N1CC(O)C1,0.358,Inhouse
SFK52,CS(=O)(=O)c1ccc(cc1)-c1cnn2ccc(nc12)-c1cccc(c1)C(=O)N1CC(O)C1,0.129,Inhouse
SFK52,CS(=O)(=O)c1ccc(cc1)-c1cnn2ccc(nc12)-c1cccc(c1)C(=O)N1CC(O)C1,0.148,Inhouse
SFK52,CS(=O)(=O)c1ccc(cc1)-c1cnc2ccc(nn12)N,1.96,Inhouse
SFK52,CS(=O)(=O)c1ccc(cc1)-c1cnc2ccc(nn12)N,0.917,Inhouse
SFK40,Nc1ncc(nc1-c1ccc(cc1)C(F)(F)F)-c1ccc(cc1)C(=O)O,10,Inhouse
SFK52,CS(=O)(=O)c1ccc(cc1)-c1cnn2ccc(cc12)-c1cccc(c1)S(=O)(=O)C1CC1,3.74,Inhouse
SFK52,CS(=O)(=O)c1ccc(cc1)-c1cnn2ccc(cc12)-c1cccc(c1)S(=O)(=O)C1CC1,2.51,Inhouse
SFK52,CS(=O)c1ccc(cc1)-c1cnn2ccc(cc12)-c1cccc(c1)S(=O)(=O)C1CC1,1.43,Inhouse
SFK52,CS(=O)c1ccc(cc1)-c1cnn2ccc(cc12)-c1cccc(c1)S(=O)(=O)C1CC1,2.08,Inhouse
SFK52,CS(=O)c1ccc(cc1)-c1cnn2ccc(cc12)-c1cccc(c1)S(=O)(=O)C1CC1,0.706,Inhouse
SFK52,CS(=O)c1ccc(cc1)-c1cnc2ccc(nn12)-c1cccc(c1)C(=O)N1CCNCC1,2.29,Inhouse
SFK52,CS(=O)c1ccc(cc1)-c1cnc2ccc(nn12)-c1cccc(c1)C(=O)N1CCNCC1,1.17,Inhouse
SFK52,CS(=O)c1ccc(cc1)-c1cnc2ccc(nn12)-c1cccc(c1)C(=O)N1CCC(O)CC1,2.18,Inhouse
SFK52,CS(=O)c1ccc(cc1)-c1cnc2ccc(nn12)-c1cccc(c1)C(=O)N1CCC(O)CC1,2.3,Inhouse
Pyrazolopyrimidine,CC(C)n1nc(c2c(ncnc12)N)-c1ccc2oc(nc2c1)N,0.022,Inhouse
Pyrazolopyrimidine,CC(C)n1nc(c2c(ncnc12)N)-c1ccc2oc(nc2c1)N,0.018,Inhouse
Pyrazolopyrimidine,CC(C)n1nc(c2c(ncnc12)N)-c1ccc2oc(nc2c1)N,0.333,Inhouse
Pyrazolopyrimidine,CC(C)n1nc(c2c(ncnc12)N)-c1ccc2oc(nc2c1)N,0.0526,Inhouse
Pyrazolopyrimidine,CC(C)n1nc(c2c(ncnc12)N)-c1ccc2oc(nc2c1)N,0.0314,Inhouse
Pyrazolopyrimidine,CC(C)n1nc(c2c(ncnc12)N)-c1ccc2oc(nc2c1)N,0.0362,Inhouse
Pyrazolopyrimidine,CC(C)n1nc(c2c(ncnc12)N)-c1ccc2oc(nc2c1)N,0.0238,Inhouse
Pyrazolopyrimidine,CC(C)n1nc(c2c(ncnc12)N)-c1ccc2oc(nc2c1)N,0.00679,Inhouse
Pyrazolopyrimidine,CC(C)n1nc(c2c(ncnc12)N)-c1ccc2oc(nc2c1)N,0.0119,Inhouse
Pyrazolopyrimidine,CC(C)n1nc(c2c(ncnc12)N)-c1ccc2oc(nc2c1)N,0.0145,Inhouse
Pyrazolopyrimidine,CC(C)n1nc(c2c(ncnc12)N)-c1ccc2oc(nc2c1)N,0.0217,Inhouse
Pyrazolopyrimidine,CC(C)n1nc(c2c(ncnc12)N)-c1ccc2oc(nc2c1)N,0.00603,Inhouse
Pyrazolopyrimidine,CC(C)n1nc(c2c(ncnc12)N)-c1ccc2oc(nc2c1)N,0.017,Inhouse
Pyrazolopyrimidine,CC(C)n1nc(c2c(ncnc12)N)-c1ccc2oc(nc2c1)N,0.0124,Inhouse
Pyrazolopyrimidine,CC(C)n1nc(c2c(ncnc12)N)-c1ccc2oc(nc2c1)N,0.0493,Inhouse
Pyrazolopyrimidine,CC(C)n1nc(c2c(ncnc12)N)-c1ccc2oc(nc2c1)N,0.0455,Inhouse
Pyrazolopyrimidine,CC(C)n1nc(c2c(ncnc12)N)-c1ccc2oc(nc2c1)N,0.00186,Inhouse
Pyrazolopyrimidine,CC(C)n1nc(c2c(ncnc12)N)-c1ccc2oc(nc2c1)N,0.00854,Inhouse
Pyrazolopyrimidine,CC(C)n1nc(c2c(ncnc12)N)-c1ccc2oc(nc2c1)N,0.0164,Inhouse
Pyrazolopyrimidine,CC(C)n1nc(c2c(ncnc12)N)-c1ccc2oc(nc2c1)N,0.0243,Inhouse
Pyrazolopyrimidine,CC(C)n1nc(c2c(ncnc12)N)-c1ccc2oc(nc2c1)N,0.000508,Inhouse
Pyrazolopyrimidine,CC(C)n1nc(c2c(ncnc12)N)-c1ccc2oc(nc2c1)N,0.0214,Inhouse
Pyrazolopyrimidine,CC(C)n1nc(c2c(ncnc12)N)-c1ccc2oc(nc2c1)N,0.00141,Inhouse
SFK52,CS(=O)c1ccc(cc1)-c1cnc2ccc(nn12)-c1cccc(c1)C(=O)N1CCCCC1,2.06,Inhouse
SFK52,CS(=O)c1ccc(cc1)-c1cnc2ccc(nn12)-c1cccc(c1)C(=O)N1CCCCC1,0.964,Inhouse
Pyrazolopyrimidine,Nc1nc2cc(ccc2o1)-c1nn(c2ncnc(c12)N)Cc1ccc(cc1)Cl,10,Inhouse
Pyrazolopyrimidine,Nc1nc2cc(ccc2o1)-c1nn(c2ncnc(c12)N)Cc1ccc(cc1)Cl,0.377,Inhouse
Pyrazolopyrimidine,Nc1nc2cc(ccc2o1)-c1nn(c2ncnc(c12)N)Cc1ccc(cc1)Cl,10,Inhouse
Pyrazolopyrimidine,Nc1nc2cc(ccc2o1)-c1nn(c2ncnc(c12)N)Cc1ccc(cc1)Cl,10,Inhouse
Pyrazolopyrimidine,Nc1nc2cc(ccc2o1)-c1nn(c2ncnc(c12)N)Cc1cccc(c1)Cl,2,Inhouse
Pyrazolopyrimidine,Nc1nc2cc(ccc2o1)-c1nn(c2ncnc(c12)N)Cc1cccc(c1)Cl,3.2,Inhouse
Pyrazolopyrimidine,Nc1nc2cc(ccc2o1)-c1nn(c2ncnc(c12)N)Cc1ccc(cc1)F,2,Inhouse
Pyrazolopyrimidine,Nc1nc2cc(ccc2o1)-c1nn(c2ncnc(c12)N)Cc1ccc(cc1)F,1.6,Inhouse
Pyrazolopyrimidine,Cc1cccc(c1)Cn1nc(c2c(ncnc12)N)-c1ccc2oc(nc2c1)N,0.56,Inhouse
Pyrazolopyrimidine,Cc1cccc(c1)Cn1nc(c2c(ncnc12)N)-c1ccc2oc(nc2c1)N,0.7,Inhouse
Pyrazolopyrimidine,Cc1ccc(cc1)Cn1nc(c2c(ncnc12)N)-c1ccc2oc(nc2c1)N,10,Inhouse
Pyrazolopyrimidine,Cc1ccc(cc1)Cn1nc(c2c(ncnc12)N)-c1ccc2oc(nc2c1)N,10,Inhouse
Pyrazolopyrimidine,Nc1nc2cc(ccc2o1)-c1nn(c2ncnc(c12)N)Cc1ccccc1,0.67,Inhouse
Pyrazolopyrimidine,Nc1nc2cc(ccc2o1)-c1nn(c2ncnc(c12)N)Cc1ccccc1,0.37,Inhouse
Pyrazolopyrimidine,Nc1nc2cc(ccc2o1)-c1nn(c2ncnc(c12)N)Cc1ccncc1,0.72,Inhouse
Pyrazolopyrimidine,Nc1nc2cc(ccc2o1)-c1nn(c2ncnc(c12)N)Cc1ccncc1,0.25,Inhouse
Pyrazolopyrimidine,Nc1nc2cc(ccc2o1)-c1nn(c2ncnc(c12)N)Cc1cccnc1,0.35,Inhouse
Pyrazolopyrimidine,Nc1nc2cc(ccc2o1)-c1nn(c2ncnc(c12)N)Cc1cccnc1,0.35,Inhouse
Pyrazolopyrimidine,NC(=O)c1ccc(cc1)Cn1nc(c2c(ncnc12)N)-c1ccc2oc(nc2c1)N,1.23,Inhouse
Pyrazolopyrimidine,NC(=O)c1ccc(cc1)Cn1nc(c2c(ncnc12)N)-c1ccc2oc(nc2c1)N,0.334,Inhouse
Pyrazolopyrimidine,NC(=O)c1ccc(cc1)Cn1nc(c2c(ncnc12)N)-c1ccc2oc(nc2c1)N,2.07,Inhouse
Pyrazolopyrimidine,NC(=O)c1ccc(cc1)Cn1nc(c2c(ncnc12)N)-c1ccc2oc(nc2c1)N,1.53,Inhouse
Pyrazolopyrimidine,Nc1nc2cc(ccc2o1)-c1nn(c2ncnc(c12)N)Cc1ccccc1F,0.12,Inhouse
Pyrazolopyrimidine,Nc1nc2cc(ccc2o1)-c1nn(c2ncnc(c12)N)Cc1ccccc1F,0.08,Inhouse
Pyrazolopyrimidine,Cc1ccccc1Cn1nc(c2c(ncnc12)N)-c1ccc2oc(nc2c1)N,0.26,Inhouse
Pyrazolopyrimidine,Cc1ccccc1Cn1nc(c2c(ncnc12)N)-c1ccc2oc(nc2c1)N,0.19,Inhouse
Pyrazolopyrimidine,Nc1nc2cc(ccc2o1)-c1nn(c2ncnc(c12)N)Cc1ccccc1C(F)(F)F,0.21,Inhouse
Pyrazolopyrimidine,Nc1nc2cc(ccc2o1)-c1nn(c2ncnc(c12)N)Cc1ccccc1C(F)(F)F,0.25,Inhouse
Pyrazolopyrimidine,Nc1nc2cc(ccc2o1)-c1nn(c2ncnc(c12)N)Cc1ccccc1Cl,0.28,Inhouse
Pyrazolopyrimidine,Nc1nc2cc(ccc2o1)-c1nn(c2ncnc(c12)N)Cc1ccccc1Cl,0.36,Inhouse
Pyrazolopyrimidine,Nc1nc2cc(ccc2o1)-c1nn(c2ncnc(c12)N)Cc1ccc(nc1)Cl,0.548,Inhouse
Pyrazolopyrimidine,Nc1nc2cc(ccc2o1)-c1nn(c2ncnc(c12)N)Cc1ccc(nc1)Cl,0.559,Inhouse
Pyrazolopyrimidine,Nc1nc2cc(ccc2o1)-c1nn(c2ncnc(c12)N)CC1CCCCC1,0.0739,Inhouse
Pyrazolopyrimidine,Nc1nc2cc(ccc2o1)-c1nn(c2ncnc(c12)N)CC1CCCCC1,0.0497,Inhouse
Pyrazolopyrimidine,NC(=O)c1cccc(c1)Cn1nc(c2c(ncnc12)N)-c1ccc2oc(nc2c1)N,0.195,Inhouse
Pyrazolopyrimidine,NC(=O)c1cccc(c1)Cn1nc(c2c(ncnc12)N)-c1ccc2oc(nc2c1)N,0.063,Inhouse
Pyrazolopyrimidine,Nc1nc2cc(ccc2o1)-c1nn(c2ncnc(c12)N)Cc1ccc(nc1)F,0.622,Inhouse
Pyrazolopyrimidine,Nc1nc2cc(ccc2o1)-c1nn(c2ncnc(c12)N)Cc1ccc(nc1)F,0.624,Inhouse
Pyrazolopyrimidine,Cc1ccc(cn1)Cn1nc(c2c(ncnc12)N)-c1ccc2oc(nc2c1)N,0.2,Inhouse
Pyrazolopyrimidine,Cc1ccc(cn1)Cn1nc(c2c(ncnc12)N)-c1ccc2oc(nc2c1)N,0.29,Inhouse
Pyrazolopyrimidine,Nc1nc2cc(ccc2o1)-c1nn(c2ncnc(c12)N)Cc1ccc(c(c1)C#N)F,0.746,Inhouse
Pyrazolopyrimidine,Nc1nc2cc(ccc2o1)-c1nn(c2ncnc(c12)N)Cc1ccc(c(c1)C#N)F,0.779,Inhouse
SFK77,COc1ccc(cc1OC)-c1ccc2ncc(n2n1)Nc1cccnc1OC,2,Inhouse
Pyrazolopyrimidine,NC(=O)c1ccccc1Cn1nc(c2c(ncnc12)N)-c1ccc2oc(nc2c1)N,0.396,Inhouse
Pyrazolopyrimidine,NC(=O)c1ccccc1Cn1nc(c2c(ncnc12)N)-c1ccc2oc(nc2c1)N,0.194,Inhouse
Pyrazolopyrimidine,CNS(=O)(=O)c1ccc(cc1)Cn1nc(c2c(ncnc12)N)-c1ccc2oc(nc2c1)N,0.217,Inhouse
Pyrazolopyrimidine,CNS(=O)(=O)c1ccc(cc1)Cn1nc(c2c(ncnc12)N)-c1ccc2oc(nc2c1)N,0.465,Inhouse
Pyrazolopyrimidine,CNS(=O)(=O)c1ccc(cc1)Cn1nc(c2c(ncnc12)N)-c1ccc2oc(nc2c1)N,0.924,Inhouse
Pyrazolopyrimidine,Nc1ccc(cc1)Cn1nc(c2c(ncnc12)N)-c1ccc2oc(nc2c1)N,0.0605,Inhouse
Pyrazolopyrimidine,Nc1ccc(cc1)Cn1nc(c2c(ncnc12)N)-c1ccc2oc(nc2c1)N,0.045,Inhouse
Pyrazolopyrimidine,Nc1cccc(c1)Cn1nc(c2c(ncnc12)N)-c1ccc2oc(nc2c1)N,0.14,Inhouse
Pyrazolopyrimidine,Nc1cccc(c1)Cn1nc(c2c(ncnc12)N)-c1ccc2oc(nc2c1)N,0.0932,Inhouse
Pyrazolopyrimidine,Nc1nc2cc(ccc2o1)-c1nn(c2ncnc(c12)N)Cc1ccnc(c1)Cl,0.978,Inhouse
Pyrazolopyrimidine,Nc1nc2cc(ccc2o1)-c1nn(c2ncnc(c12)N)Cc1ccnc(c1)Cl,0.69,Inhouse
Pyrazolopyrimidine,Nc1nc2cc(ccc2o1)-c1nn(c2ncnc(c12)N)Cc1ccnc(c1)F,0.794,Inhouse
Pyrazolopyrimidine,Nc1nc2cc(ccc2o1)-c1nn(c2ncnc(c12)N)Cc1ccnc(c1)F,0.628,Inhouse
Pyrazolopyrimidine,Cc1cncc(c1)Cn1nc(c2c(ncnc12)N)-c1ccc2oc(nc2c1)N,0.437,Inhouse
Pyrazolopyrimidine,Cc1cncc(c1)Cn1nc(c2c(ncnc12)N)-c1ccc2oc(nc2c1)N,0.331,Inhouse
Pyrazolopyrimidine,CN(C)c1cccc(c1)Cn1nc(c2c(ncnc12)N)-c1ccc2oc(nc2c1)N,0.179,Inhouse
Pyrazolopyrimidine,CN(C)c1cccc(c1)Cn1nc(c2c(ncnc12)N)-c1ccc2oc(nc2c1)N,0.13,Inhouse
Pyrazolopyrimidine,Nc1nc2cc(ccc2o1)-c1nn(c2ncnc(c12)N)Cc1ccc(cn1)Cl,0.336,Inhouse
Pyrazolopyrimidine,Nc1nc2cc(ccc2o1)-c1nn(c2ncnc(c12)N)Cc1ccc(cn1)Cl,0.243,Inhouse
Pyrazolopyrimidine,Cc1cc(ccn1)Cn1nc(c2c(ncnc12)N)-c1ccc2oc(nc2c1)N,1.01,Inhouse
Pyrazolopyrimidine,Cc1cc(ccn1)Cn1nc(c2c(ncnc12)N)-c1ccc2oc(nc2c1)N,0.755,Inhouse
Pyrazolopyrimidine,CN(C)S(=O)(=O)c1ccc(cc1)Cn1nc(c2c(ncnc12)N)-c1ccc2oc(nc2c1)N,0.544,Inhouse
Pyrazolopyrimidine,CN(C)S(=O)(=O)c1ccc(cc1)Cn1nc(c2c(ncnc12)N)-c1ccc2oc(nc2c1)N,1.06,Inhouse
Pandemic Response Box,COc1cc(c2c(c(cc(c2n1)NC(C)CCCN)OC)Oc1cccc(c1)C(F)(F)F)C,6.12,Inhouse
Pandemic Response Box,COc1cc(c2c(c(cc(c2n1)NC(C)CCCN)OC)Oc1cccc(c1)C(F)(F)F)C,10,Inhouse
Pandemic Response Box,CCc1nc(nc(c1C#CC(C)c1cc(cc(c1)-c1ccncc1)OC)N)N,1.88,Inhouse
Pandemic Response Box,CCc1nc(nc(c1C#CC(C)c1cc(cc(c1)-c1ccncc1)OC)N)N,10,Inhouse
Pandemic Response Box,CCc1nc(nc(c1C#CC(C)c1cc(cc(c1)-c1ccncc1)OC)N)N,10,Inhouse
Pandemic Response Box,CN1CCN(CC1)Cc1ccc(cc1)C(=O)Nc1ccc(c(c1)Nc1nccc(n1)-c1cccnc1)C,2.3,Inhouse
Pandemic Response Box,CN1CCN(CC1)Cc1ccc(cc1)C(=O)Nc1ccc(c(c1)Nc1nccc(n1)-c1cccnc1)C,6.83,Inhouse
Pandemic Response Box,CN1CCN(CC1)Cc1ccc(cc1)C(=O)Nc1ccc(c(c1)Nc1nccc(n1)-c1cccnc1)C,9.26,Inhouse
Pandemic Response Box,CN(C)CCCOc1ccc(cn1)-c1ccc2ncc3c(c2c1)N(C1CCOCC1)C(=O)N3C,10,Inhouse
Pandemic Response Box,CN(C)CCCOc1ccc(cn1)-c1ccc2ncc3c(c2c1)N(C1CCOCC1)C(=O)N3C,10,Inhouse
AZD0156,CN(C)CCCOc1ccc(cn1)-c1ccc2ncc3c(c2c1)N(C1CCOCC1)C(=O)N3C,10,Inhouse
Pyrazolopyrimidine,CN(C)S(=O)(=O)c1cccc(c1)Cn1nc(c2c(ncnc12)N)-c1ccc2oc(nc2c1)N,0.174,Inhouse
Pyrazolopyrimidine,CN(C)S(=O)(=O)c1cccc(c1)Cn1nc(c2c(ncnc12)N)-c1ccc2oc(nc2c1)N,0.187,Inhouse
Pyrazolopyrimidine,CNS(=O)(=O)c1cccc(c1)Cn1nc(c2c(ncnc12)N)-c1ccc2oc(nc2c1)N,0.188,Inhouse
Pyrazolopyrimidine,CNS(=O)(=O)c1cccc(c1)Cn1nc(c2c(ncnc12)N)-c1ccc2oc(nc2c1)N,0.261,Inhouse
Pyrazolopyrimidine,Nc1nc2cc(ccc2o1)-c1nn(c2ncnc(c12)N)Cc1ccc(cc1)S(=O)(=O)N,0.334,Inhouse
Pyrazolopyrimidine,Nc1nc2cc(ccc2o1)-c1nn(c2ncnc(c12)N)Cc1cccc(n1)F,0.186,Inhouse
Pyrazolopyrimidine,Nc1nc2cc(ccc2o1)-c1nn(c2ncnc(c12)N)Cc1cccc(n1)F,0.186,Inhouse
Pyrazolopyrimidine,Nc1nc2cc(ccc2o1)-c1nn(c2ncnc(c12)N)Cc1cccc(n1)C(F)(F)F,0.219,Inhouse
Pyrazolopyrimidine,Nc1nc2cc(ccc2o1)-c1nn(c2ncnc(c12)N)Cc1cccc(n1)C(F)(F)F,0.172,Inhouse
Pyrazolopyrimidine,Nc1nc2cc(ccc2o1)-c1nn(c2ncnc(c12)N)CC1CCC(F)(F)CC1,0.302,Inhouse
Pyrazolopyrimidine,Nc1nc2cc(ccc2o1)-c1nn(c2ncnc(c12)N)CC1CCC(F)(F)CC1,0.214,Inhouse
Pyrazolopyrimidine,Nc1nc2cc(ccc2o1)-c1nn(c2ncnc(c12)N)Cc1cncc(c1)Cl,0.153,Inhouse
Pyrazolopyrimidine,Nc1nc2cc(ccc2o1)-c1nn(c2ncnc(c12)N)Cc1cncc(c1)Cl,0.136,Inhouse
PKGDEL966,CNC(=O)C1CN(C1)c1nc(nc(n1)N(CCO)Cc1ccccc1F)N1CCC(CCNC(=O)c2cc([nH]n2)-c2cccnc2)CC1,0.178,Inhouse
PKGDEL966,CNC(=O)C1CN(C1)c1nc(nc(n1)N(CCO)Cc1ccccc1F)N1CCC(CCNC(=O)c2cc([nH]n2)-c2cccnc2)CC1,1.65,Inhouse
PKGDEL966,CNC(=O)C1CN(C1)c1nc(nc(n1)N(CCO)Cc1ccccc1F)N1CCC(CCNC(=O)c2cc([nH]n2)-c2cccnc2)CC1,0.05,Inhouse
PKGDEL966,CNC(=O)C1CN(C1)c1nc(nc(n1)N(CCO)Cc1ccccc1F)N1CCC(CCNC(=O)c2cc([nH]n2)-c2cccnc2)CC1,0.058,Inhouse
PKGDEL966,CNC(=O)c1cccc(c1)CNc1nc(nc(n1)N1CCC(CCNC(=O)c2cc([nH]n2)-c2cccnc2)CC1)NC,1.28,Inhouse
PKGDEL966,CNC(=O)c1cccc(c1)CNc1nc(nc(n1)N1CCC(CCNC(=O)c2cc([nH]n2)-c2cccnc2)CC1)NC,8.93,Inhouse
PKGDEL966,CNC(=O)c1cccc(c1)CNc1nc(nc(n1)N1CCC(CCNC(=O)c2cc([nH]n2)-c2cccnc2)CC1)NC,0.103,Inhouse
PKGDEL966,CNC(=O)c1cccc(c1)CNc1nc(nc(n1)N1CCC(CCNC(=O)c2cc([nH]n2)-c2cccnc2)CC1)NC,0.047,Inhouse
PKGDEL966,CNC(=O)C1CCCC(C1)Nc1nc(nc(n1)NC[C@H]1CC[C@@H](CC1)CNC(=O)c1ccc2cn[nH]c2c1)O,0.912,Inhouse
PKGDEL966,CNC(=O)C1CCCC(C1)Nc1nc(nc(n1)NC[C@H]1CC[C@@H](CC1)CNC(=O)c1ccc2cn[nH]c2c1)O,4.92,Inhouse
PKGDEL966,CNC(=O)C1CCCC(C1)Nc1nc(nc(n1)NC[C@H]1CC[C@@H](CC1)CNC(=O)c1ccc2cn[nH]c2c1)O,0.302,Inhouse
PKGDEL966,CNC(=O)C1CCCC(C1)Nc1nc(nc(n1)NC[C@H]1CC[C@@H](CC1)CNC(=O)c1ccc2cn[nH]c2c1)O,0.065,Inhouse
PKGDEL966,COc1cc(ccc1-c1nc2c(c(n1)N(C)C)CCN(C2)C(=O)CNC(=O)c1ccc(c(c1)Cl)Cl)C#N,0.624,Inhouse
PKGDEL966,COc1cc(ccc1-c1nc2c(c(n1)N(C)C)CCN(C2)C(=O)CNC(=O)c1ccc(c(c1)Cl)Cl)C#N,8.05,Inhouse
PKGDEL966,COc1cc(ccc1-c1nc2c(c(n1)N(C)C)CCN(C2)C(=O)CNC(=O)c1ccc(c(c1)Cl)Cl)C#N,0.179,Inhouse
PKGDEL966,COc1cc(ccc1-c1nc2c(c(n1)N(C)C)CCN(C2)C(=O)CNC(=O)c1ccc(c(c1)Cl)Cl)C#N,0.02,Inhouse
imidazopyridine,CS(=O)(=O)c1ccc(cc1)-c1cnc2ccc(cn12)-c1cccc(c1)C(=O)N,10,Inhouse
imidazopyridine,CS(=O)(=O)c1ccc(cc1)-c1cnc2ccc(cn12)-c1cccc(c1)C(=O)N1CCC(O)CC1,4.14,Inhouse
imidazopyridine,CS(=O)(=O)c1ccc(cc1)-c1cnc2ccc(cn12)-c1cccc(c1)C(=O)N1CCC(O)CC1,5.81,Inhouse
imidazopyridine,CS(=O)(=O)c1ccc(cc1)-c1cnc2ccc(cn12)-c1cccc(c1)C(=O)N1CCC(O)CC1,4.43,Inhouse
imidazopyridine,CS(=O)c1ccc(cc1)-c1cnc2ccc(cn12)-c1cccc(c1)C(=O)N1CCOCC1,10,Inhouse
imidazopyridine,CS(=O)c1ccc(cc1)-c1cnc2ccc(cn12)-c1cccc(c1)C(=O)N1CCOCC1,10,Inhouse
imidazopyridine,CS(=O)c1ccc(cc1)-c1cnc2ccc(cn12)-c1cccc(c1)C(=O)N1CCCC1,10,Inhouse
imidazopyridine,CS(=O)c1ccc(cc1)-c1cnc2ccc(cn12)-c1cccc(c1)C(=O)N1CCCC1,10,Inhouse
imidazopyridine,CS(=O)c1ccc(cc1)-c1cnc2ccc(cn12)-c1cccc(c1)C(=O)N1CCCCC1,10,Inhouse
imidazopyridine,CS(=O)c1ccc(cc1)-c1cnc2ccc(cn12)-c1cccc(c1)C(=O)N1CCCCC1,10,Inhouse
imidazopyridine,CS(=O)(=O)c1ccc(cc1)-c1cnc2ccc(cn12)-c1cccc(c1)C(=O)O,10,Inhouse
imidazopyridine,CS(=O)(=O)c1ccc(cc1)-c1cnc2ccc(cn12)-c1cccc(c1)C(=O)O,10,Inhouse
PATHBOX,COc1ccc(cn1)-c1cnc2ccc(nn12)NCc1ccc(cc1)S(=O)(=O)N,0.126,Inhouse
PATHBOX,COc1ccc(cn1)-c1cnc2ccc(nn12)NCc1ccc(cc1)S(=O)(=O)N,0.0766,Inhouse
PATHBOX,COc1ccc(cc1)-c1cncc2ccc(nc12)C(=O)NCCCn1ccnc1,0.144,Inhouse
PATHBOX,COc1ccc(cc1)-c1cncc2ccc(nc12)C(=O)NCCCn1ccnc1,0.202,Inhouse
PATHBOX,COc1ccc(cc1OC)-c1nn(c2ncnc(c12)N)C(C)C,0.027,Inhouse
PATHBOX,COc1ccc(cc1OC)-c1nn(c2ncnc(c12)N)C(C)C,0.029,Inhouse
JN-602,CNC(=O)c1nn(c-2c1C(C)(C)Cc1cnc(nc12)Nc1ccc(cc1)N1CCN(C)CC1)C,0.0534,Inhouse
PATHBOX,CNC(=O)c1nn(c-2c1C(C)(C)Cc1cnc(nc12)Nc1ccc(cc1)N1CCN(C)CC1)C,0.0547,Inhouse
PATHBOX,CCOc1ccc2cc(ccc2c1)-c1nn(c2ncnc(c12)N)CC1CCN(C)CC1,0.159,Inhouse
Pyrazolopyrimidine,CCOc1ccc2cc(ccc2c1)-c1nn(c2ncnc(c12)N)CC1CCN(C)CC1,0.191,Inhouse
PKGDEL966,CNc1ncnc(n1)N1CCC(CCNC(=O)c2cc([nH]n2)-c2cccnc2)CC1,1.19,Inhouse
PKGDEL966,CNc1ncnc(n1)N1CCC(CCNC(=O)c2cc([nH]n2)-c2cccnc2)CC1,1.55,Inhouse
PKGDEL966,CNC(=O)c1cccc(c1)CNc1ncnc(n1)N1CCC(CCNC(=O)c2cc([nH]n2)-c2cccnc2)CC1,1.59,Inhouse
PKGDEL966,CNC(=O)c1cccc(c1)CNc1ncnc(n1)N1CCC(CCNC(=O)c2cc([nH]n2)-c2cccnc2)CC1,1.33,Inhouse
KinoHits,Cc1cnc(nc1Nc1cccc(c1)S(=O)(=O)NC(C)(C)C)Nc1ccc(cc1)OCCN1CCCC1,0.195,Inhouse
KinoHits,Cc1cnc(nc1Nc1cccc(c1)S(=O)(=O)NC(C)(C)C)Nc1ccc(cc1)OCCN1CCCC1,0.246,Inhouse
PKGDEL966,OCCN(Cc1ccccc1F)c1ncnc(n1)N1CCC(CCNC(=O)c2cc([nH]n2)-c2cccnc2)CC1,0.248,Inhouse
PKGDEL966,OCCN(Cc1ccccc1F)c1ncnc(n1)N1CCC(CCNC(=O)c2cc([nH]n2)-c2cccnc2)CC1,0.244,Inhouse
PKGDEL966,CNC(=O)C1CN(C1)c1ncnc(n1)N1CCC(CCNC(=O)c2cc([nH]n2)-c2cccnc2)CC1,2.35,Inhouse
PKGDEL966,CNC(=O)C1CN(C1)c1ncnc(n1)N1CCC(CCNC(=O)c2cc([nH]n2)-c2cccnc2)CC1,2.94,Inhouse
PKGDEL966,O=C(NCCC1CCNCC1)c1cc([nH]n1)-c1ccccn1,30,Inhouse
PKGDEL966,O=C(NCCC1CCNCC1)c1cc([nH]n1)-c1ccccn1,30,Inhouse
PKGDEL966,O=C(NCCC1CCNCC1)c1cc([nH]n1)-c1ccncc1,3.67,Inhouse
PKGDEL966,O=C(NCCC1CCNCC1)c1cc([nH]n1)-c1ccncc1,3.38,Inhouse
PKGDEL966,NCCCCCNC(=O)c1cc([nH]n1)-c1cccnc1,30,Inhouse
KCGS,CN(C)C/C=C/C(=O)Nc1cccc(c1)C(=O)Nc1ccc(c(c1)C)Nc1nccc(n1)-c1cccnc1,0.563,Inhouse
KCGS,CN(C)C/C=C/C(=O)Nc1cccc(c1)C(=O)Nc1ccc(c(c1)C)Nc1nccc(n1)-c1cccnc1,0.993,Inhouse
KCGS,CN(C)CCOc1ccc(cc1)-c1nc(c([nH]1)-c1ccncc1)-c1ccc/2c(c1)CC\C2=N\O,4.19,Inhouse
KCGS,Nc1nccc(n1)-c1c(ncn1C1CCN(CC1)Cc1ccccc1)-c1ccc(cc1)F,0.851,Inhouse
KCGS,Nc1nccc(n1)-c1c(ncn1C1CCN(CC1)Cc1ccccc1)-c1ccc(cc1)F,1.5,Inhouse
KCGS,COc1ccc2[nH]c3c4[nH]c5ccc(cc5c4c4c(c3c2c1)C(=O)NC4=O)OC,0.064,Inhouse
KCGS,CN(C)CCN(C)C(=O)c1cc(c(o1)-c1ccc(c(c1)O)Cl)-c1ccncc1,0.00207,Inhouse
KCGS,CN(C)CCN(C)C(=O)c1cc(c(o1)-c1ccc(c(c1)O)Cl)-c1ccncc1,0.00544,Inhouse
KCGS,Nc1ncnc2occ(c12)-c1ccc(cc1)NC(=O)Nc1cc(ccc1F)C(F)(F)F,10,Inhouse
KCGS,Nc1ncnc2occ(c12)-c1ccc(cc1)NC(=O)Nc1cc(ccc1F)C(F)(F)F,10,Inhouse
GSK-Compound 9,CN1CCN(CC1)c1cc(nc(n1)N)-c1ccncc1,10,Inhouse
GSK-Compound 9,CN1CCN(CC1)c1cc(nc(n1)N)-c1ccncc1,10,Inhouse
GSK-Compound 9,COc1cccc(c1)Nc1nc(cc(n1)-c1ccncc1)N1CCN(C)CC1,0.015,Inhouse
GSK-Compound 9,COc1cccc(c1)Nc1nc(cc(n1)-c1ccncc1)N1CCN(C)CC1,0.0205,Inhouse
SFK52,NC1CCN(CC1)C(=O)c1cccc(c1)-c1ccc2ncc(n2n1)-c1ccc(cc1)C(=O)N1CC(O)C1,1.6,Inhouse
SFK52,NC1CCN(CC1)C(=O)c1cccc(c1)-c1ccc2ncc(n2n1)-c1ccc(cc1)C(=O)N1CC(O)C1,1.99,Inhouse
SFK52,NC1CCN(CC1)C(=O)c1cccc(c1)-c1ccc2ncc(n2n1)-c1ccc(cc1)C(=O)N1CC(O)C1,1.59,Inhouse
SFK52,CNC(=O)c1ccc(cc1)-c1cnc2ccc(nn12)-c1cccc(c1)C(=O)N1CCC(N)CC1,1.75,Inhouse
SFK52,CNC(=O)c1ccc(cc1)-c1cnc2ccc(nn12)-c1cccc(c1)C(=O)N1CCC(N)CC1,1.61,Inhouse
SFK52,CNC(=O)c1ccc(cc1)-c1cnc2ccc(nn12)-c1cccc(c1)C(=O)N1CCC(N)CC1,1.29,Inhouse
SFK52,NC1CCN(CC1)C(=O)c1cccc(c1)-c1ccc2ncc(n2n1)-c1cccc(c1)C(=O)N1CC[C@H](O)C1,0.0657,Inhouse
SFK52,NC1CCN(CC1)C(=O)c1cccc(c1)-c1ccc2ncc(n2n1)-c1cccc(c1)C(=O)N1CC[C@H](O)C1,0.038,Inhouse
SFK52,NC1CCN(CC1)C(=O)c1cccc(c1)-c1ccc2ncc(n2n1)-c1cccc(c1)C(=O)N1CC[C@H](O)C1,0.039,Inhouse
SFK52,NC1CCN(CC1)C(=O)c1cccc(c1)-c1ccc2ncc(n2n1)-c1cccc(c1)C(=O)N1CC(O)C1,1.19,Inhouse
SFK52,NC1CCN(CC1)C(=O)c1cccc(c1)-c1ccc2ncc(n2n1)-c1cccc(c1)C(=O)N1CC(O)C1,1,Inhouse
SFK52,NC1CCN(CC1)C(=O)c1cccc(c1)-c1ccc2ncc(n2n1)-c1cccc(c1)C(=O)N1CC(O)C1,0.918,Inhouse
GSK-Compound 9,CN1CCN(CC1)c1cc(nc(n1)Nc1cccc(c1)S(=O)(=O)C)-c1ccnc(c1)NCC1CC1,2.75,Inhouse
GSK-Compound 9,CN1CCN(CC1)c1cc(nc(n1)Nc1cccc(c1)S(=O)(=O)C)-c1ccnc(c1)NCC1CC1,4.64,Inhouse
GSK-Compound 9,COc1cccc(c1)Nc1nc(cc(n1)-c1ccnc(c1)NCC1CC1)N1CCN(C)CC1,0.25,Inhouse
GSK-Compound 9,COc1cccc(c1)Nc1nc(cc(n1)-c1ccnc(c1)NCC1CC1)N1CCN(C)CC1,0.31,Inhouse
GSK-Compound 9,COc1cccc(c1)Nc1nc(cc(n1)-c1ccnc(c1)NCC1CC1)N1CCN(C)CC1,0.612,Inhouse
"Pyrimido[1,2-a]benzimidazole",FC(F)(F)c1ccc(cc1)C1=CC(=O)N2C(=N1)N(Cc1cccc(c1Cl)Cl)c1ccccc12,10,Inhouse
"Pyrimido[1,2-a]benzimidazole",FC(F)(F)c1ccc(cc1)C1=CC(=O)N2C(=N1)N(Cc1cccc(c1Cl)Cl)c1ccccc12,10,Inhouse
"Pyrimido[1,2-a]benzimidazole",Clc1cccc(c1Cl)CN1C2=NC(=CC(=O)N2c2ccccc21)c1ccc(cc1)C#N,10,Inhouse
"Pyrimido[1,2-a]benzimidazole",Clc1cccc(c1Cl)CN1C2=NC(=CC(=O)N2c2ccccc21)c1ccc(cc1)C#N,10,Inhouse
"Pyrimido[1,2-a]benzimidazole",Clc1cccc(c1Cl)CN1C2=NC(=CC(=O)N2c2ccccc21)N1CCOCC1,10,Inhouse
"Pyrimido[1,2-a]benzimidazole",Clc1cccc(c1Cl)CN1C2=NC(=CC(=O)N2c2ccccc21)N1CCOCC1,10,Inhouse
"Pyrimido[1,2-a]benzimidazole",Clc1cccc(c1Cl)CN1C2=NC(=CC(=O)N2c2ccccc21)Nc1ccc(cc1)C#N,10,Inhouse
"Pyrimido[1,2-a]benzimidazole",Clc1cccc(c1Cl)CN1C2=NC(=CC(=O)N2c2ccccc21)Nc1ccc(cc1)C#N,10,Inhouse
SFK50,NC1CCN(CC1)C(=O)c1cccc(c1)-c1ccc2nnc(n2c1)-c1cccc(c1)C(=O)N1CC[C@@H](O)C1,10,Inhouse
SFK50,NC1CCN(CC1)C(=O)c1cccc(c1)-c1ccc2nnc(n2c1)-c1cccc(c1)C(=O)N1CC[C@@H](O)C1,10,Inhouse
SFK52,NC1CCN(CC1)C(=O)c1cccc(c1)-c1ccc2ncc(n2n1)-c1cccc(c1)C(=O)N1CCC(O)CC1,6.67,Inhouse
SFK52,NC1CCN(CC1)C(=O)c1cccc(c1)-c1ccc2ncc(n2n1)-c1cccc(c1)C(=O)N1CCC(O)CC1,4.56,Inhouse
SFK52,NC1CCN(CC1)C(=O)c1cccc(c1)-c1ccc2ncc(n2n1)-c1cccc(c1)C(=O)N1CCC(N)CC1,2.04,Inhouse
SFK52,NC1CCN(CC1)C(=O)c1cccc(c1)-c1ccc2ncc(n2n1)-c1cccc(c1)C(=O)N1CCC(N)CC1,3.03,Inhouse
NEU-01,COc1ccc(cn1)Nc1cnnc2cc(ccc12)-c1cccc(c1)N1CCOCC1,10,Inhouse
NEU-01,COc1ccc(cn1)Nc1cnnc2cc(ccc12)-c1cccc(c1)N1CCOCC1,10,Inhouse
NEU-01,COc1ccc(cc1)Nc1cnnc2cc(ccc12)N1CCCN(C)CC1,10,Inhouse
NEU-01,COc1ccc(cc1)Nc1cnnc2cc(ccc12)N1CCCN(C)CC1,10,Inhouse
MalDA,CN(C)Cc1ccc(cc1)-c1cc2c(ccnc2[nH]1)-c1ccc(cc1)CN(C)C,1.2,Inhouse
MalDA,CN(C)Cc1ccc(cc1)-c1cc2c(ccnc2[nH]1)-c1ccc(cc1)CN(C)C,10,Inhouse
MalDA,CCN(CC)Cc1cccc(c1OC)-c1cc2c(ccnc2[nH]1)-c1ccc(c(c1)C(C)C)C(=O)O,0.251,Inhouse
MalDA,CCN(CC)Cc1cccc(c1OC)-c1cc2c(ccnc2[nH]1)-c1ccc(c(c1)C(C)C)C(=O)O,0.289,Inhouse
NEU-01,C[C@@H]1COCCN1c1ncc(cn1)-c1ccc/2c(c1)N(C)C=C\C2=N/c1cnccn1,10,Inhouse
NEU-01,C[C@@H]1COCCN1c1ncc(cn1)-c1ccc/2c(c1)N(C)C=C\C2=N/c1cnccn1,10,Inhouse
NEU-01,C[C@H]1COCCN1c1ncc(cn1)-c1ccc/2c(c1)N(C)C=C\C2=N/c1cnccn1,10,Inhouse
NEU-01,C[C@H]1COCCN1c1ncc(cn1)-c1ccc/2c(c1)N(C)C=C\C2=N/c1cnccn1,10,Inhouse
NEU-01,CN1C=C/C(=N\c2cnccn2)c2ccc(cc21)-c1cnc(nc1)N1CCCN(CC1)C(=O)OC(C)(C)C,10,Inhouse
NEU-01,CN1C=C/C(=N\c2cnccn2)c2ccc(cc21)-c1cnc(nc1)N1CCCN(CC1)C(=O)OC(C)(C)C,10,Inhouse
NEU-01,CN1C=C/C(=N\c2cnccn2)c2ccc(cc21)-c1cnc(nc1)N1CCCNCC1,10,Inhouse
NEU-01,CN1C=C/C(=N\c2cnccn2)c2ccc(cc21)-c1cnc(nc1)N1CCCNCC1,10,Inhouse
VE-821/2,CS(=O)(=O)c1ccc(cc1)-c1cnc(c(n1)C(=O)NC1CCC(F)(F)CC1)N,10,Inhouse
VE-821/2,CS(=O)(=O)c1ccc(cc1)-c1cnc(c(n1)C(=O)NC1CCC(F)(F)CC1)N,10,Inhouse
VE-821/2,CS(=O)(=O)c1ccc(cc1)-c1cnc(c(n1)C(=O)NC1CCC(F)(F)CC1)N,10,Inhouse
NEU-01,CN1CCCN(CC1)S(=O)(=O)c1ccc(cc1)-c1ccc2nncc(c2c1)Nc1ccc(cc1)OC(F)(F)F,10,Inhouse
NEU-01,CN1CCCN(CC1)S(=O)(=O)c1ccc(cc1)-c1ccc2nncc(c2c1)Nc1ccc(cc1)OC(F)(F)F,10,Inhouse
NEU-01,CN1CCCN(CC1)S(=O)(=O)c1ccc(cc1)-c1ccc2c(cnnc2c1)Nc1ccc(c(c1)Cl)OCc1cccc(c1)F,10,Inhouse
NEU-01,CN1CCCN(CC1)S(=O)(=O)c1ccc(cc1)-c1ccc2c(cnnc2c1)Nc1ccc(c(c1)Cl)OCc1cccc(c1)F,10,Inhouse
NEU-01,CN1CCN(CC1)S(=O)(=O)c1ccc(cc1)-c1ccc2c(cnnc2c1)Nc1ccc(nc1)C,10,Inhouse
NEU-01,CN1CCN(CC1)S(=O)(=O)c1ccc(cc1)-c1ccc2c(cnnc2c1)Nc1ccc(nc1)C,10,Inhouse
NEU-01,CN1CCCN(CC1)S(=O)(=O)c1ccc(cc1)-c1ccc2c(cnnc2c1)Nc1ncc(cn1)Cl,10,Inhouse
NEU-01,CN1CCCN(CC1)S(=O)(=O)c1ccc(cc1)-c1ccc2c(cnnc2c1)Nc1ncc(cn1)Cl,10,Inhouse
NEU-01,CN1CCCN(CC1)c1ncc(cn1)-c1ccc2c(cnnc2c1)Nc1ccc(nc1)C,10,Inhouse
NEU-01,CN1CCCN(CC1)c1ncc(cn1)-c1ccc2c(cnnc2c1)Nc1ccc(nc1)C,10,Inhouse
Ki8751,COc1cc2nccc(c2cc1OC)Oc1ccc(c(c1)F)NC(=O)Nc1ccc(c(c1)C(F)(F)F)CN1CCN(C)CC1,10,Inhouse
Ki8751,COc1cc2nccc(c2cc1OC)Oc1ccc(c(c1)F)NC(=O)Nc1ccc(c(c1)C(F)(F)F)CN1CCN(C)CC1,10,Inhouse
Ki8751,COc1cc2nccc(c2cc1OC)Oc1ccc(c(c1)F)NC(=O)Nc1ccc(cc1)C=C1CCNCC1,10,Inhouse
Ki8751,COc1cc2nccc(c2cc1OC)Oc1ccc(c(c1)F)NC(=O)Nc1ccc(cc1)C=C1CCNCC1,10,Inhouse
Ki8751,COc1cc2nccc(c2cc1OC)Oc1ccc(c(c1)F)NC(=O)Nc1ccc(cc1)CC1CCNCC1,10,Inhouse
Ki8751,COc1cc2nccc(c2cc1OC)Oc1ccc(c(c1)F)NC(=O)Nc1ccc(cc1)CC1CCNCC1,10,Inhouse
Ki8751,COc1cc2nccc(c2cc1OC)Oc1ccc(c(c1)F)NC(=O)Nc1ccc(c(c1)C(F)(F)F)OC1CCN(C)CC1,10,Inhouse
Ki8751,COc1cc2nccc(c2cc1OC)Oc1ccc(c(c1)F)NC(=O)Nc1ccc(c(c1)C(F)(F)F)OC1CCN(C)CC1,10,Inhouse
Ki8751,COc1cc2nccc(c2cc1OC)Oc1ccc(c(c1)F)NC(=O)Nc1ccc(c(c1)C(F)(F)F)CC1CCNCC1,10,Inhouse
Ki8751,COc1cc2nccc(c2cc1OC)Oc1ccc(c(c1)F)NC(=O)Nc1ccc(c(c1)C(F)(F)F)CC1CCNCC1,10,Inhouse
CZC-54252,COc1cc(ccc1Nc1ncc(c(n1)Nc1ccccc1NS(=O)(=O)C)Cl)N1CCOCC1,4.76,Inhouse
CZC-54252,COc1cc(ccc1Nc1ncc(c(n1)Nc1ccccc1NS(=O)(=O)C)Cl)N1CCOCC1,10,Inhouse
CZC-54252,COc1cc(ccc1Nc1ncc(c(n1)Nc1ccccc1NS(=O)(=O)C)Cl)N1CCOCC1,5.09,Inhouse
CZC-54252,COc1cc(ccc1Nc1ncc(c(n1)Nc1ccccc1NS(=O)(=O)C)I)N1CCOCC1,0.706,Inhouse
CZC-54252,COc1cc(ccc1Nc1ncc(c(n1)Nc1ccccc1NS(=O)(=O)C)I)N1CCOCC1,0.622,Inhouse
CZC-54252,COc1cc(ccc1Nc1ncc(c(n1)Nc1ccccc1NS(=O)(=O)C)C(F)(F)F)N1CCOCC1,3.59,Inhouse
CZC-54252,COc1cc(ccc1Nc1ncc(c(n1)Nc1ccccc1NS(=O)(=O)C)C(F)(F)F)N1CCOCC1,2.74,Inhouse
CZC-54252,COc1cc(ccc1N1CCOCC1)Nc1ncc(c(n1)Nc1ccccc1NS(=O)(=O)C)Cl,1.47,Inhouse
CZC-54252,COc1cc(ccc1N1CCOCC1)Nc1ncc(c(n1)Nc1ccccc1NS(=O)(=O)C)Cl,0.604,Inhouse
Erlotinib,COCCOc1cc2ncnc(c2cc1OCCOC)Nc1cccc(c1)C#C,10,Inhouse
Erlotinib,COCCOc1cc2ncnc(c2cc1OCCOC)Nc1cccc(c1)C#C,10,Inhouse
IKK16,O=C(N1CCC(CC1)N1CCCC1)c1ccc(cc1)Nc1nccc(n1)-c1cc2ccccc2s1,1.18,Inhouse
IKK16,O=C(N1CCC(CC1)N1CCCC1)c1ccc(cc1)Nc1nccc(n1)-c1cc2ccccc2s1,1.14,Inhouse
IKK16,C1CCN(C1)C1CCN(CC1)Cc1ccc(cc1)Nc1nccc(n1)-c1cc2ccccc2s1,3.22,Inhouse
IKK16,C1CCN(C1)C1CCN(CC1)Cc1ccc(cc1)Nc1nccc(n1)-c1cc2ccccc2s1,3.06,Inhouse
IKK16,Cc1cc(nc(n1)Nc1ccc(cc1)C(=O)N1CCC(CC1)[NH+]1CCCC1)-c1cc2ccccc2s1,10,Inhouse
IKK16,Cc1cc(nc(n1)Nc1ccc(cc1)C(=O)N1CCC(CC1)[NH+]1CCCC1)-c1cc2ccccc2s1,10,Inhouse
IKK16,Clc1ccc(s1)-c1nc(ncc1Cl)Nc1ccc(cc1)C(=O)N1CCC(CC1)[NH+]1CCCC1,10,Inhouse
IKK16,Clc1ccc(s1)-c1nc(ncc1Cl)Nc1ccc(cc1)C(=O)N1CCC(CC1)[NH+]1CCCC1,4.5,Inhouse
IKK16,Cc1cnc(nc1-c1ccc(s1)Cl)Nc1ccc(cc1)C(=O)N1CCC(CC1)[NH+]1CCCC1,1.86,Inhouse
IKK16,Cc1cnc(nc1-c1ccc(s1)Cl)Nc1ccc(cc1)C(=O)N1CCC(CC1)[NH+]1CCCC1,1.45,Inhouse
IKK16,Clc1ccc(cc1Cl)-c1ccnc(n1)Nc1ccc(cc1)C(=O)N1CCC(CC1)N1CCCC1,10,Inhouse
IKK16,Clc1ccc(cc1Cl)-c1ccnc(n1)Nc1ccc(cc1)C(=O)N1CCC(CC1)N1CCCC1,8.58,Inhouse
NEU-03,C1CCN(CC1)Cc1cccc(c1)-c1ccc2ncnc(c2c1)Nc1cnccn1,10,Inhouse
NEU-03,C1CCN(CC1)Cc1cccc(c1)-c1ccc2ncnc(c2c1)Nc1cnccn1,10,Inhouse
UNC_Purine,CCn1cnc2c(nc(nc12)N[C@@H]1CCCC[C@@H]1N)Nc1cccc(c1)Cl,4.57,Inhouse
UNC_Purine,CCn1cnc2c(nc(nc12)N[C@@H]1CCCC[C@@H]1N)Nc1cccc(c1)Cl,2.85,Inhouse
UNC_Purine,[NH3+][C@H]1CC[C@@H](CC1)Nc1nc(c2[nH+]cn(c2n1)-c1ccccc1)Nc1ccc(cc1)C[NH+]1CCOCC1,0.306,Inhouse
UNC_Purine,[NH3+][C@H]1CC[C@@H](CC1)Nc1nc(c2[nH+]cn(c2n1)-c1ccccc1)Nc1ccc(cc1)C[NH+]1CCOCC1,0.241,Inhouse
UNC_Purine,[NH3+][C@@H]1CCCC[C@@H]1Nc1nc(c2[nH+]cn(c2n1)-c1ccccc1)Nc1cccc(c1)Cl,4.5,Inhouse
UNC_Purine,[NH3+][C@@H]1CCCC[C@@H]1Nc1nc(c2[nH+]cn(c2n1)-c1ccccc1)Nc1cccc(c1)Cl,3.9,Inhouse
PFE PKIS-18,CC(C)N1C(=O)Cc2ccc(cc21)Nc1ncc(c(n1)NCc1cccc(c1)Cl)C(F)(F)F,10,Inhouse
PFE PKIS-18,CC(C)N1C(=O)Cc2ccc(cc21)Nc1ncc(c(n1)NCc1cccc(c1)Cl)C(F)(F)F,10,Inhouse
TPCA-1,NC(=O)Nc1sc(cc1C(=O)N)-c1ccc(cc1)F,1.39,Inhouse
TPCA-1,NC(=O)Nc1sc(cc1C(=O)N)-c1ccc(cc1)F,1.64,Inhouse
SFK52,CS(=O)(=O)c1ccc(cc1)-c1cnc2ccc(nn12)-c1cccc(c1)F,0.511,Inhouse
SFK52,CS(=O)(=O)c1ccc(cc1)-c1cnc2ccc(nn12)-c1cccc(c1)F,5.66,Inhouse
SFK52,CS(=O)(=O)c1ccc(cc1)-c1cnc2ccc(nn12)-c1cccc(c1)F,3.94,Inhouse
SFK52,CC(C)(C)OC(=O)N1CCC(=CC1)c1ccc2ncc(n2n1)-c1ccc(cc1)S(=O)(=O)C,10,Inhouse
SFK52,CC(C)(C)OC(=O)N1CCC(=CC1)c1ccc2ncc(n2n1)-c1ccc(cc1)S(=O)(=O)C,10,Inhouse
SFK52,COc1ccc(cc1)-c1ccc2ncc(n2n1)-c1ccc(cc1)S(=O)(=O)C,10,Inhouse
SFK52,COc1ccc(cc1)-c1ccc2ncc(n2n1)-c1ccc(cc1)S(=O)(=O)C,10,Inhouse
SFK52,CC(C)(C)OC(=O)NC1CCN(CC1)C(=O)c1cccc(c1)-c1ccc2ncc(n2n1)-c1ccc(cc1)S(=O)(=O)C,10,Inhouse
SFK52,CC(C)(C)OC(=O)NC1CCN(CC1)C(=O)c1cccc(c1)-c1ccc2ncc(n2n1)-c1ccc(cc1)S(=O)(=O)C,10,Inhouse
SFK52,COc1cccc(c1)-c1ccc2ncc(n2n1)-c1ccc(cc1)S(=O)(=O)C,10,Inhouse
SFK52,COc1cccc(c1)-c1ccc2ncc(n2n1)-c1ccc(cc1)S(=O)(=O)C,10,Inhouse
SFK52,COc1ccc(cc1)/C=C/c1ccc2ncc(n2n1)-c1ccc(cc1)S(=O)(=O)C,10,Inhouse
SFK52,COc1ccc(cc1)/C=C/c1ccc2ncc(n2n1)-c1ccc(cc1)S(=O)(=O)C,10,Inhouse
SFK52,CS(=O)(=O)c1ccc(cc1)-c1cnc2ccc(nn12)-c1ccccc1OC(F)(F)F,10,Inhouse
SFK52,CS(=O)(=O)c1ccc(cc1)-c1cnc2ccc(nn12)-c1ccccc1OC(F)(F)F,10,Inhouse
SFK52,Cc1cccc(c1)-c1ccc2ncc(n2n1)-c1ccc(cc1)S(=O)(=O)C,10,Inhouse
SFK52,Cc1cccc(c1)-c1ccc2ncc(n2n1)-c1ccc(cc1)S(=O)(=O)C,10,Inhouse
SFK52,CS(=O)(=O)c1ccc(cc1)-c1cnc2ccc(nn12)-c1ccncc1,10,Inhouse
SFK52,CS(=O)(=O)c1ccc(cc1)-c1cnc2ccc(nn12)-c1ccncc1,10,Inhouse
SFK52,CS(=O)(=O)Nc1ccc(cc1)-c1ccc2ncc(n2n1)-c1ccc(cc1)S(=O)(=O)C,0.889,Inhouse
SFK52,CS(=O)(=O)Nc1ccc(cc1)-c1ccc2ncc(n2n1)-c1ccc(cc1)S(=O)(=O)C,1.05,Inhouse
SFK52,CS(=O)(=O)c1ccc(cc1)-c1cnc2ccc(nn12)-c1ccc(cc1)OC(F)(F)F,10,Inhouse
SFK52,CS(=O)(=O)c1ccc(cc1)-c1cnc2ccc(nn12)-c1ccc(cc1)OC(F)(F)F,10,Inhouse
SFK52,CS(=O)(=O)c1ccc(cc1)-c1cnc2ccc(nn12)-c1ccsc1,5.15,Inhouse
SFK52,CS(=O)(=O)c1ccc(cc1)-c1cnc2ccc(nn12)-c1ccsc1,4.92,Inhouse
SFK52,COc1ccccc1-c1ccc2ncc(n2n1)-c1ccc(cc1)S(=O)(=O)C,10,Inhouse
SFK52,COc1ccccc1-c1ccc2ncc(n2n1)-c1ccc(cc1)S(=O)(=O)C,10,Inhouse
SFK52,CCOC(=O)c1ccccc1-c1ccc2ncc(n2n1)-c1ccc(cc1)S(=O)(=O)C,10,Inhouse
SFK52,CCOC(=O)c1ccccc1-c1ccc2ncc(n2n1)-c1ccc(cc1)S(=O)(=O)C,10,Inhouse
SFK52,CS(=O)(=O)c1ccc(cc1)-c1cnc2ccc(nn12)-c1cccs1,0.119,Inhouse
SFK52,CS(=O)(=O)c1ccc(cc1)-c1cnc2ccc(nn12)-c1cccs1,2.23,Inhouse
SFK52,CS(=O)(=O)c1ccc(cc1)-c1cnc2ccc(nn12)-c1cccs1,2.02,Inhouse
JN-602,Cn1nc(c2c1-c1nc(ncc1CC2(C)C)N)C(=O)NC1CCCCC1,10,Inhouse
JN-602,Cn1nc(c2c1-c1nc(ncc1CC2(C)C)N)C(=O)NC1CCCCC1,10,Inhouse
JN-602,Cn1nc(c2c1-c1nc(ncc1CC2(C)C)N)C(=O)NC1CCCCC1,10,Inhouse
Pyrazolopyrimidine,CC(C)n1nc(c2c(ncnc12)N)-c1cccnc1,3.7,Inhouse
Pyrazolopyrimidine,CC(C)n1nc(c2c(ncnc12)N)-c1cccnc1,4.08,Inhouse
Pyrazolopyrimidine,CC(C)n1nc(c2c(ncnc12)N)-c1cccnc1,3.38,Inhouse
Pyrazolopyrimidine,CC(C)n1nc(c2c(ncnc12)N)-c1cnn(c1)C,1.51,Inhouse
Pyrazolopyrimidine,CC(C)n1nc(c2c(ncnc12)N)-c1cnn(c1)C,1.63,Inhouse
Pyrazolopyrimidine,CC(C)n1nc(c2c(ncnc12)N)-c1ccncc1,2.9,Inhouse
Pyrazolopyrimidine,CC(C)n1nc(c2c(ncnc12)N)-c1ccncc1,4.73,Inhouse
Pyrazolopyrimidine,CC(C)n1nc(c2c(ncnc12)N(C)C)-c1cnn(c1)C,10,Inhouse
Pyrazolopyrimidine,CC(C)n1nc(c2c(ncnc12)N(C)C)-c1cnn(c1)C,10,Inhouse
JN-602,CNC(=O)c1nn(c-2c1C(C)(C)Cc1cnc(nc12)Nc1cccc(c1)N1CCCCC1)C,0.282,Inhouse
JN-602,CNC(=O)c1nn(c-2c1C(C)(C)Cc1cnc(nc12)Nc1cccc(c1)N1CCCCC1)C,0.443,Inhouse
JN-602,Cn1nc(c2c1-c1nc(ncc1CC2(C)C)Nc1ccc(cc1)N1CCCCC1)C(=O)N1CCCC1,10,Inhouse
JN-602,Cn1nc(c2c1-c1nc(ncc1CC2(C)C)Nc1ccc(cc1)N1CCCCC1)C(=O)N1CCCC1,10,Inhouse
JN-602,Cn1nc(c2c1-c1nc(ncc1CC2(C)C)Nc1ccc(cc1)N1CCCCC1)C(=O)N1CCOCC1,10,Inhouse
JN-602,Cn1nc(c2c1-c1nc(ncc1CC2(C)C)Nc1ccc(cc1)N1CCCCC1)C(=O)N1CCOCC1,10,Inhouse
JN-602,CNC(=O)c1nn(c-2c1C(C)(C)Cc1cnc(nc12)Nc1ccc(cc1)C)C,0.216,Inhouse
JN-602,CNC(=O)c1nn(c-2c1C(C)(C)Cc1cnc(nc12)Nc1ccc(cc1)C)C,0.266,Inhouse
JN-602,CNC(=O)c1nn(c-2c1C(C)(C)Cc1cnc(nc12)NCc1ccc(cc1)OC)C,0.237,Inhouse
JN-602,CNC(=O)c1nn(c-2c1C(C)(C)Cc1cnc(nc12)NCc1ccc(cc1)OC)C,0.245,Inhouse
JN-602,Cn1nc(c2c1-c1nc(ncc1CC2(C)C)NC1CCCC1)C(=O)NC1CCCCC1,10,Inhouse
JN-602,Cn1nc(c2c1-c1nc(ncc1CC2(C)C)NC1CCCC1)C(=O)NC1CCCCC1,10,Inhouse
JN-602,Cn1nc(c2c1-c1nc(ncc1CC2(C)C)NCc1ccccc1)C(=O)NC1CCCCC1,10,Inhouse
JN-602,Cn1nc(c2c1-c1nc(ncc1CC2(C)C)NCc1ccccc1)C(=O)NC1CCCCC1,10,Inhouse
JN-602,CNC(=O)c1nn(c-2c1C(C)(C)Cc1cnc(nc12)Nc1ccc(cc1)N1CCCCC1)C,0.235,Inhouse
JN-602,CNC(=O)c1nn(c-2c1C(C)(C)Cc1cnc(nc12)Nc1ccc(cc1)N1CCCCC1)C,0.381,Inhouse
JN-602,COc1ccc(cc1)CNc1ncc2c(n1)-c1c(c(nn1C)C(=O)N1CCOCC1)C(C)(C)C2,10,Inhouse
JN-602,COc1ccc(cc1)CNc1ncc2c(n1)-c1c(c(nn1C)C(=O)N1CCOCC1)C(C)(C)C2,10,Inhouse
JN-602,COc1ccc(cc1)CNc1ncc2c(n1)-c1c(c(nn1C)C(=O)N1CCOCC1)C(C)(C)C2,10,Inhouse
Pyrazolopyrimidine,COc1nc(c2c(nn(c2n1)C(C)C)-c1cccnc1)N,10,Inhouse
Pyrazolopyrimidine,COc1nc(c2c(nn(c2n1)C(C)C)-c1cccnc1)N,10,Inhouse
Pyrazolopyrimidine,COc1nc(c2c(nn(c2n1)C(C)C)-c1cccnc1)N,10,Inhouse
Matralis,CN(CC1)CCC1C2=NC(C3=CC=C(F)C(NS(C)(=O)=O)=C3)=C(C4=NC(NCC5CC5)=NC=C4)S2,0.002,literature 
Matralis,CN(CC1)CCC1C2=NC(C3=CC=C(F)C=C3)=C(C4=NC(NC5=CC=C(N6CCNCC6)C=C5)=NC=C4)S2,0.002,literature 
Matralis,FC(C=C1)=CC=C1C2=C(C3=NC(NC4=CC=C(N5CCN(C)CC5)C=C4)=NC=C3)SC(C6CCNCC6)=N2,0.0006,literature 
Matralis,FC(C=C1)=CC=C1C2=C(C3=NC(NC4=CC=C(N5CCNCC5)C=C4)=NC=C3)SC(N6CCOCC6)=N2,0.0036,literature 
Matralis,FC(C=C1)=CC=C1C2=C(C3=NC(NC4=CC=C(N5CCNCC5)C=C4)=NC=C3)SC(N6CCCC6)=N2,0.002,literature 
Matralis,NC1=NC(C2=CC=C(F)C=C2)=C(C3=NC(NC4=CC=C(N5CCN(C)CC5)C=C4)=NC=C3)S1,0.0033,literature 
Matralis,NC1=NC(C2=CC=C(F)C=C2)=C(C3=NC(NC4=CC=C(N5CCNCC5)C=C4)=NC=C3)S1,0.0013,literature 
Matralis,NC1=NC(C2=CC=C(F)C=C2)=C(C3=NC(NC4=CC=C(N5CCOCC5)C=C4)=NC=C3)S1,0.0162,literature 
Matralis,FC(C=C1)=CC=C1C2=C(C3=NC(NC4=CC=C(N5CCNCC5)C=C4)=NC=C3)SC(NC(C)=O)=N2,0.0017,literature 
Matralis,FC(C=C1)=CC=C1C2=C(C3=NC(NC4=CC=C(N5CCNCC5)C=C4)=NC=C3)SC(NC(C6CC6)=O)=N2,0.0339,literature 
Matralis,O=C(C1CCN(C)CC1)NC(S2)=NC(C3=CC=C(F)C=C3)=C2C4=NC(NC5=CC=C(N6CCNCC6)C=C5)=NC=C4,0.0048,literature 
Matralis,FC(C=C1)=CC=C1C(N=C(NS(=O)(CCC)=O)S2)=C2C3=NC(NC4=CC=C(N5CCNCC5)C=C4)=NC=C3,0.0017,literature 
Matralis,FC(C=C1)=CC=C1C(N=C(C2CCNCC2)S3)=C3C4=NC(NC5=NN=CS5)=NC=C4,0.0038,literature 
Matralis,FC(C=C1)=CC=C1C(N=C(C2CCNCC2)S3)=C3C4=NC(NC5=NN=C(C)S5)=NC=C4,0.0036,literature 
Matralis,FC(C=C1)=CC=C1C(N=C(C2CCNCC2)S3)=C3C4=NC(NC5=NC(C)=CS5)=NC=C4,0.0023,literature 
Matralis,FC(C=C1)=CC=C1C(N=C(C2CCNCC2)S3)=C3C4=NC(NC5=CC(C)=NO5)=NC=C4,0.003,literature 
Matralis,FC(C=C1)=CC=C1C(N=C(C2CCNCC2)S3)=C3C4=NC(NC5=NN(C)C(C)=C5)=NC=C4,0.0017,literature 
Matralis,FC(C=C1)=CC=C1C(N=C(C2CCNCC2)S3)=C3C4=NC(NC5=CC=CC=N5)=NC=C4,0.0056,literature 
Matralis,FC(C=C1)=CC=C1C(N=C(C2CCNCC2)S3)=C3C4=NC(NC5=NC=CN=C5)=NC=C4,0.005,literature 
Matralis,FC(C=C1)=CC=C1C(N=C(C2CCNCC2)S3)=C3C4=NC(NC5=NN=CC=C5)=NC=C4,0.0043,literature 
Matralis,FC(C=C1)=CC=C1C(N=C(C2CCNCC2)S3)=C3C4=NC(NC5=NC=NC=C5)=NC=C4,0.0117,literature 
Matralis,FC(C=C1)=CC=C1C(N=C(C2CCNCC2)O3)=C3C4=NC(NC5=CC=NC=N5)=NC=C4,0.0891,literature 
Matralis,FC(C=C1)=CC=C1C(N=C(C2CCNCC2)S3)=C3C4=NC(NC5=CC(C)=NC=C5)=NC=C4,0.0044,literature 
Matralis,FC(C=C1)=CC=C1C(N=C(C2CCNCC2)S3)=C3C4=NC(NC5=CC(C)=NC(C)=C5)=NC=C4,0.01,literature 
Matralis,FC(C=C1)=CC=C1C(N=C(C2CCNCC2)S3)=C3C4=NC(NC5=CC=C(F)C(C)=N5)=NC=C4,0.0102,literature 
Matralis,FC(C=C1)=CC=C1C(N=C(C2CCNCC2)S3)=C3C4=NC(NC5=CC(CC)=C(F)C(C)=N5)=NC=C4,0.0017,literature 
Matralis,FC(C=C1)=CC=C1C(N=C(C2CCNCC2)S3)=C3C4=NC(NC5=CC(C6CC6)=C(F)C(C)=N5)=NC=C4,0.0017,literature 
Matralis,FC(C=C1)=CC=C1C(N=C(C2CCNCC2)S3)=C3C4=NC(NC5=CC(C6CCC6)=C(F)C(C)=N5)=NC=C4,0.0525,literature 
Matralis,FC(C=C1)=CC=C1C(N=C(C2CCNCC2)S3)=C3C4=NC(NCCN5CCOCC5)=NC=C4,0.0447,literature 
Matralis,FC(C=C1)=CC=C1C(N=C(C2CCNCC2)S3)=C3C4=NC(NCCN5CCSCC5)=NC=C4,0.0126,literature 
Matralis,FC(C=C1)=CC=C1C(N=C(C2CCNCC2)S3)=C3C4=NC(N5CCC(N6CCOCC6)CC5)=NC=C4,0.001,literature 
Matralis,FC(C=C1)=CC=C1C(N=C(C2CCNCC2)S3)=C3C4=NC(N5CCC(CN6CCOCC6)CC5)=NC=C4,0.001,literature 
Bheemanaboina,CC1=CN(C2=CC=NC(N[C@@H]3CN(C(CC4=CN=CS4)=O)CC3)=N2)C(C5=CC=CC=C5)=N1,0.32,literature 
Bheemanaboina,CC1=CN(C2=CC=NC(N[C@@H]3CN(C(CC4=NN(C)C=C4)=O)CC3)=N2)C(C5=CC=CC=C5)=N1,1,literature 
Bheemanaboina,FC1=CC=C(C2=C(C3=CC=NC=C3)NC(C4CCN(C)CC4)=C2)C=C1,0.022,literature 
Bheemanaboina,O=C(C1=NC=CS1)N(CC2)C[C@@H]2NC3=NC(N(C(C4=CC=CC=C4)=N5)C=C5C6CC6)=CC=N3,0.1,literature 
Bheemanaboina,O=C(C1=NC=CS1)N(CC2)C[C@@H]2NC3=NC(N(C(C4=CC=CC(Cl)=C4)=N5)C=C5C6CC6)=CC=N3,0.06,literature 
Bheemanaboina,CC1=CN(C2=CC=NC(N[C@H]3CN(C(C4=NC=CS4)=O)CC3)=N2)C(C5=CC=CC(OC)=C5)=N1,0.086,literature 
Bheemanaboina,CC1=CN(C2=CC=NC(N[C@H]3CN(C(C4=NC=CS4)=O)CC3)=N2)C(C5=CC=C(Cl)C=C5)=N1,1.16,literature 
Bheemanaboina,CC1=CN(C2=CC=NC(N[C@H]3CN(C(C4=NC=CS4)=O)CC3)=N2)C(C5=CC=CC(OC(F)(F)F)=C5)=N1,0.15,literature 
EckT,FC(C=C1)=CC=C1C2=C(C3=CC=NC=C3)C=C(C4CCN(C)CC4)N2,0.031,literature 
EckT,O=C(C1=NC=CS1)N(C2)CC[C@H]2NC3=NC=CC(C4=C(CS(=O)(C)=O)ON=C4C5=CC(Cl)=CC=C5)=N3,0.014,literature 
EckT,O=S(CC1=C(C(C2=CC(Cl)=CC=C2)=NO1)C3=NC(N[C@@H]4CCN(CC5=NC=CS5)C4)=NC=C3)(C)=O,0.792,literature 
EckT,O=C(C1=NN(C)C=C1)N(C2)CC[C@H]2NC3=NC=CC(C4=C(CN(CC)CC)ON=C4C5=CC(Cl)=CC=C5)=N3,0.021,literature 
EckT,CN(CCC)CC1=C(C(C2=CC(Cl)=CC=C2)=NO1)C3=NC(N[C@@H]4CCN(C(C5=NN(C)C=C5)=O)C4)=NC=C3,0.024,literature 
GreenJL,CC(C)CCNC(N=C1)=CC=C1C2=CN=C3N2N=C(NC4CCC(N)CC4)C=C3,0.109,literature 
GreenJL,CN(CC1)CCC1NC(C=C2)=NN3C2=NC=C3C4=CC(F)=C(NC5=NC=CC=C5)C(F)=C4,0.069,literature 
GreenJL,CN(CC1)CCC1NC(C=C2)=NN3C2=NC=C3C4=CC(F)=C(NC5=NC=CC=C5F)C(F)=C4,0.237,literature 
GreenJL,NC(CC1)CCC1NC(C=C2)=NN3C2=NC=C3C4=CC=C(NC5=NC=CC=C5F)C=C4,0.048,literature 
GreenJL,CC(C)CCNC(N=C1)=CC=C1C2=CN=C3N2N=C(NC4CCNCC4)C=C3,0.256,literature 
GreenJL,FC1=CC=CN=C1NC(C=C2)=CC=C2C3=CN=C4N3N=C(NC5CCNCC5)C=C4,0.162,literature 
GreenJL,CN(CC1)CCC1NC(C=C2)=NN3C2=NC=C3C4=CN=C(NC5=NC=CN=C5)C(F)=C4,0.249,literature 
GreenJL,CN(CC1)CCC1NC(C=C2)=NN3C2=NC=C3C4=CC=C(NC5=NC=CC=C5)C(F)=C4,0.088,literature 
GreenJL,CN(CC1)CCC1NC(C=C2)=NN3C2=NC=C3C4=CN=C(NC5=NC=CC=C5F)C=C4,0.118,literature 
GreenJL,CN(CC1)CCC1NC(C=C2)=NN3C2=NC=C3C4=CC=C(NC5=NC=CC=C5F)C=C4,0.404,literature 
GreenJL,FC1=CC(C2=CN=C3N2N=C(NC4CCNCC4)C=C3)=CC=C1NC5=NC=CC=C5,0.087,literature 
GreenJL,CN(CC1)CCC1NC(C=C2)=NN3C2=NC=C3C4=CN=C(NCCC(C)C)N=C4,0.16,literature 
GreenJL,FC1=CC=CN=C1NC(C=C2)=NC=C2C3=CN=C4N3N=C(NC5CCNCC5)C=C4,0.062,literature 
GreenJL,FC1=CC(C2=CN=C3N2N=C(NC4CCNCC4)C=C3)=CN=C1NC5=NC=CC=C5,0.054,literature 
GreenJL,C(C=C1)(NC2CCNCC2)=NN3C1=NC=C3C4=CN=C(NC5=NC=CC=C5)N=C4,0.02,literature 
GreenJL,FC1=CC(C2=CN=C3N2N=C(NC4CCNCC4)C=C3)=CN=C1NC5=CN=CC=N5,0.101,literature 
GreenJL,FC1=CC=CN=C1NC(N=C2)=NC=C2C3=CN=C4N3N=C(NC5CCC(N6CCNCC6)CC5)C=C4,0.003,literature 
GreenJL,CC(C)CCNC(N=C1)=NC=C1C2=CN=C3N2N=C(NC4CCNCC4)C=C3,0.093,literature 
GreenJL,CC(C)CCNC(N=C1)=NC=C1C2=CN=C3N2N=C(NC4CCN(C)CC4)C=C3,0.287,literature 
GreenJL,FC1=CC=CN=C1NC(N=C2)=NC=C2C3=CN=C4N3N=C(NC5CCNCC5)C=C4,0.007,literature 
GreenJL,FC1=CC=CN=C1NC(N=C2)=NC=C2C3=CN=C4N3N=C(NC5CCN(C)CC5)C=C4,0.005,literature 
GreenJL,FC1=CC=CN=C1NC(N=C2)=NC=C2C3=CN=C4N3N=C(N5CC(N(C)C)CC5)C=C4,0.05,literature 
GreenJL,FC1=CC=CN=C1NC(N=C2)=NC=C2C3=CN=C4N3N=C(NC5CCC(N)CC5)C=C4,0.002,literature 
GreenJL,NC(CC1)CCC1NC(C=C2)=NN3C2=NC=C3C4=CN=C(NCCC(C)C)N=C4,0.044,literature 
GreenJL,FC1=CC=CN=C1NC(N=C2)=NC=C2C3=CN=C4N3N=C(NCC5CCN(C)CC5)C=C4,0.004,literature 
GreenJL,FC1=CC=CN=C1NC(N=C2)=NC=C2C3=CN=C4N3N=C(NC5CCC(N6CCCC6)CC5)C=C4,0.002,literature 
GreenJL,C(C=C1)(NC2CCNCC2)=NN3C1=NC=C3C4=CN=C(NC5=CN=CC=N5)N=C4,0.034,literature 
GreenJL,FC1=CC=NC=C1NC(N=C2)=NC=C2C3=CN=C4N3N=C(NC5CCC(N6CCOCC6)CC5)C=C4,0.013,literature 
GreenJL,CN(CC1)CCC1NC(C=C2)=NN3C2=NC=C3C4=CC=C(NCCC(C)C)N=C4,0.484,literature 
GreenJL,NC(CC1)CCC1NC(C=C2)=NN3C2=NC=C3C4=CN=C(NC5=CC=CC=N5)C(F)=C4,0.012,literature 
GreenJL,CN(C1)CCC1NC(C=C2)=NN3C2=NC=C3C4=CC=C(NCCC(C)C)N=C4,1,literature 
Penzo,FC1=CC=C(C2=C(C3=NC(N)=NC=C3)N(C4CCNCC4)C=N2)C=C1,0.066,literature 
Penzo,CC(C)SC1=NC(C2=CC=C(OC)C=C2)=C(C3=CC=NC=C3)N1,0.002,literature 
Penzo,CC(CNS(C)(=O)=O)(C)C1=NC(C2=CC=C(Cl)C(O)=C2)=C(C3=CC=NC=C3)N1,0.009,literature 
Penzo,CC(NS(C)(=O)=O)(C)C1=NC(C2=CC=C(Cl)C(O)=C2)=C(C3=CC=NC=C3)N1,0.006,literature 
Penzo,CC(C1=NC(C2=CC=C(Cl)C(O)=C2)=C(C3=CC=NC=C3)N1)(C)CNCC4=NC=CS4,0.011,literature 
Penzo,O=S(C1=COC=C1)(NC2=CC=CC(C3=C(C4=CC=NC(N)=N4)NC(C5CCOCC5)=N3)=C2F)=O,0.005,literature 
Penzo,OC(C(C=C1)=CC=C1C2=NC(C3=CC=CC(O)=C3)=C(C4=CC=NC=C4)N2)=O,0.051,literature 
Penzo,FC1=CC=C(C2=C(C3=CC=NC(N)=N3)N([C@H]4CC[C@H](O)CC4)C=N2)C=C1,0.08,literature 
Penzo,ClC1=CC=C(C=C1O)C2=C(C3=CC=NC=C3)NC(C(C)(C)CNC(C)=O)=N2,0.002,literature 
Penzo,ClC1=CC=C(C=C1O)C2=C(C3=CC=NC=C3)NC(C(C)(C)NC(C4=CC=CN=C4)=O)=N2,0.075,literature 
Penzo,CC(CNCC1CCN(CCOC)CC1)(C)C2=NC(C3=CC=C(Cl)C(O)=C3)=C(C4=CC=NC=C4)N2,0.02,literature 
Penzo,CC(CN1CCCCC1)(C)C2=NC(C3=NC(N)=NC=C3)=C(C4=CC=C(Cl)C(O)=C4)N2,0.014,literature 
Penzo,CC(CN)(C)C1=NC(C2=CC=C(Cl)C(OC)=C2)=C(C3=CC=NC=C3)N1,0.002,literature 
Penzo,CC(C)C1=NC(C2=CC=NC(NCCO)=N2)=C(C3=CC(C(F)(F)F)=CC=C3)N1,0.251,literature 
Penzo,OC(C(C=C1)=CC=C1C2=NC(C3=CC=C(F)C=C3)=C(C4=CC=NC=C4)N2)=O,0.122,literature 
Penzo,CC(C)C[C@@H](CO)N1C(C2=CC=NC(NC)=N2)=C(C3=CC=C(F)C=C3)N=C1,0.26,literature 
Penzo,NCC(C)(C)C1=NC(C2=CC=C(Cl)C(Cl)=C2)=C(C3=CC=NC=C3)N1,0.008,literature 
Penzo,CC(C1=NC(C2=CC=C(Cl)C(Cl)=C2)=C(C3=CC=NC=C3)N1)(C)C(N4CCCC4)=O,0.05,literature 
Penzo,BrC1=C(C=C(O)C=C1)C(N=C(C2=CC=C(CN)C=C2)N3)=C3C4=CC=NC=C4,0.006,literature 
Penzo,FC1=CC=C(C=C1)C2=C(C3=CC=NC=C3)NC(C4=C(S(C)=O)C=CC=C4)=N2,0.011,literature 
Penzo,FC(F)(F)C1=CC=C(C=C1)C2=C(C3=CC=NC=C3)N(CC4CC4)C=N2,0.479,literature 
Penzo,N#CC(C=C1)=CC=C1C2=NC(C3=CC=NC=C3)=C(C4=CC=CC=N4)N2,0.989,literature 
Penzo,N#CC(C=C1)=CC=C1C2=NC(C3=CC=NC=C3)=C(C4=CC=NC=C4)N2,0.617,literature 
Penzo,CCN1C=C(C2=CC=NC=N2)C(C3=CC(NS(C4=C(F)C=CC(F)=C4)(=O)=O)=CC=C3)=N1,0.041,literature 
Penzo,NC1=C(C2=CC3=C(OCO3)C=C2)C(C4=CC=NC=C4)=NN1,0.072,literature 
Penzo,CC(C)(C)CN1N=C(C2=CC=C3SC=NC3=C2)C(C(N)=O)=C1N,0.094,literature 
Penzo,OC(C1=CC=CN=C1)C2=CC3=CC=C(C4=NN(CC)C(NC)=C4C(N)=O)C=C3N2,0.053,literature 
Penzo,FC(F)(F)C1=CC(C2=NNC=C2C3=CC=NC=C3)=CC=C1,0.023,literature 
Penzo,OCC1=CC2=C(C3=CC=NC=C3)C(C4=CC=C(F)C=C4)=NN2C=C1,0.072,literature 
Penzo,NC(C1=C(N)N(C(C)(C)C)N=C1C2=CC=C(OC)C=C2)=O,0.254,literature 
Penzo,CC(CO)NC1=NC=CC(C(C(C2=CC=CC=C2)=N3)=C4N3CCOC4)=N1,0.363,literature 
Penzo,C1(C2=CNN=C2C3=CC=CN=C3)=CC=NC=C1,0.733,literature 
Penzo,COC1=CC=C(C=C1)C2=NNC=C2C3=CC=NC=N3,0.272,literature 
Penzo,FC1=CC=C(C(F)=C1)N(C(N)=C2C(N)=O)N=C2C3=CC=C4OCOC4=C3,0.398,literature 
Penzo,NC(C1=C(NCC(C)C)NN=C1C(C=C2)=CC3=C2SC=N3)=O,0.417,literature 
Penzo,CC(COC1=CC=C(C2=NN(C(C)CC)C(NC)=C2C(N)=O)C=C1)C,0.457,literature 
Penzo,CC(C)(C)N1C(N)=C(C(N)=O)C(C2=CC3=C(C=CN3)C=C2)=N1,0.209,literature 
Penzo,NC(C1=C(N(C2=CC=CC(F)=C2)N=C1C3=CC4=C(SC=N4)C=C3)NC)=O,0.432,literature 
Penzo,OC(C1=CC=CC(C2=NN3C(C=CC=C3)=C2C4=CC=NC=C4)=C1)=O,0.468,literature 
Penzo,NC1=NC(C2=C(F)C(NS(C3=C(F)C=CC=C3F)(=O)=O)=CC=C2)=C(C4=CC=NC(N)=N4)S1,0.068,literature 
Penzo,NC(CC1=NC(C2=CC=CC=C2)=C(C3=NC(NC4=C(C)C=CC(S(C)(=O)=O)=C4)=NC=C3)S1)=O,0.013,literature 
Penzo,CC(C)(C)C1=NC(C2=C(F)C(NS(CC(F)(F)F)(=O)=O)=CC=C2)=C(C3=NC(N)=NC=C3)S1,0.032,literature 
Penzo,FC1=CC=C(C2=C(C3=NC(N[C@@H]4CC[C@@H](O)CC4)=NC=C3)SC(C5CCOCC5)=N2)C=C1F,0.068,literature 
Penzo,CC(C)C1=NC(C2=CC(NC3COCC3)=CC=C2)=C(C4=CC=NC(N)=N4)S1,0.025,literature 
Penzo,CC(CN)(C)C1=CC(C2=CC(O)=C(Cl)C=C2)=C(C3=CC=NC=C3)O1,0.002,literature 
Penzo,NS(C1=CC=CC(C2=C(C3=CC=NC=C3)OC(C4=CC=C(OCCN(C)C)C=C4)=C2)=C1)(=O)=O,0.003,literature 
Penzo,CN(CCNC(C1=CC(C2=CC(O)=CC=C2)=C(C3=CC=NC=C3)O1)=O)C,0.162,literature 
Penzo,CN1CCC(N(CC2=C3C(N=C(C4=NON=C4N)N3CC)=C(C5=CC=CC=C5)N=C2)C)CC1,0.039,literature 
Penzo,NCCCNC1=NC(C2=CC=CC=C2)=C3C(N(CNC4=NON=C45)C5=N3)=C1,0.079,literature 
Penzo,NC1=NON=C1C2=NC3=C(C4=CNC=C4)N=CC(OCC5CCNCC5)=C3N2CC,0.022,literature 
Penzo,CNS(C1=CC=CC(NC2=NC(NC3=CC=CC(S(NC)(=O)=O)=C3)=NC=C2)=C1)(=O)=O,0.07,literature 
Penzo,CNS(C(C=C1)=CC=C1NC2=NC(NC3=C4C(NN=C4)=CC=C3)=CC=N2)(=O)=O,0.082,literature 
Penzo,CN(CC1)CCN1C(C2=CC(C(O3)=C(C4=CC=C(OC)C=C4)C5=C3N=CN=C5N)=CC=C2)=O,0.01,literature 
Penzo,NC1=C2C(OC(C(NCCN(C)C)=O)=C2C3=CC=C(OC)C=C3)=NC=N1,0.11,literature 
Penzo,O=C(NC1=CC(OC)=CC=C1OC)C(C)SC2=NC=NC3=C2N=CN3,0.347,literature 
Penzo,COC1=C(OC)C=CC(CCNC(CSC2=C3C(NN=C3)=NC=N2)=O)=C1,0.104,literature 
Penzo,CN1CCN(C2=NC(NC3=CC=CC(OC)=C3)=NC(C4=CC=NC=C4)=C2)CC1,0.027,literature 
Penzo,N#CCC(C=C1)=CC=C1C2=CC=NC(NC3=CC=C4C=NNC4=C3)=N2,0.092,literature 
Penzo,O=C1NC=CC(CCNC2=NC(C3=CC(CN4CCNCC4)=CC=C3)=CC=N2)=C1,0.427,literature 
Penzo,NC(C1=CC=C(F)C=C1NC2=NC(NC3=CC=C(CS(C)(=O)=O)C=C3OC)=NC4=C2C=CN4)=O,0.05,literature 
Penzo,OC[C@@H](C1=CC=CC=C1)NC(C2=NC3=C(C4=CNN=C4)C=NC=C3C=C2)=O,0.094,literature 
Penzo,NCCNCC(S1)=CC=C1C2=C(OC3CCNCC3)C=C4C(C=CN=C4)=C2,0.324,literature 
Penzo,CC1=C(C=CO1)C2=NC=C(OCCNC)C=C2C3=CC=C4C(C=CN=C4)=C3,0.007,literature 
Penzo,O=C(C1=CC(OCC2=CN=CC=C2)=CC=C1)N3CCC4=C(C=CS4)C3CN5CCCCC5,0.036,literature 
Penzo,OC1=CC(C2=C(C3=CC=NC=C3)C4=C(N=C(N)C=C4)N2)=CC=C1Cl,0.022,literature 
Penzo,NC1=NC(NC2=C3C(C=NC=C3)=CC=C2)=NN1C(C4CCCCC4)=O,0.09,literature 
Penzo,CC(C1=CC=CC(C2=NC(NCCC3=CC=C(S(N)(=O)=O)C=C3)=NC=C2)=C1)N4CCNCC4,0.117,literature 
Penzo,ClC1=C(OC)C=CC(C2=C(SC(NC3CC3)=N2)C4=CC=NC(NC5=CC(F)=C(OCCN6CCCC6)C=C5)=N4)=C1,0.00061,literature 
Penzo,FC1=C(OCCN2CCCC2)C=CC(NC3=NC(C4=C(C5=CC(C6=CN=NN6)=CC=C5)N=C(NCC)S4)=CC=N3)=C1,0.00092,literature 
Penzo,OOC1=C(OCCN(C)C)C=C(NC2=NC(C3=C(C4=CC(Cl)=C(OC)C=C4)N=C(NC5CC5)S3)=CC=N2)C=C1,0.00054,literature 
Penzo,CN(C)CCOC1=C(OC)C=CC(NC2=NC(C3=C(C4=CC(OC)=CC(OC)=C4)N=C(NCC)S3)=CC=N2)=C1,0.00063,literature 
Penzo,CC1=CC(NC2=NC(C3=C(C4=CC(OC)=CC(OC)=C4)N=C(NCC)S3)=CC=N2)=CC=C1OCCN(C)C,0.00111,literature 
Penzo,CCN(CC1)CC1OC(N=C2)=CC=C2NC3=NC(C4=C(C5=CC(OC)=CC(OC)=C5)N=C(NCC)S4)=CC=N3,0.00048,literature 
Penzo,CC1=CC(NC2=NC=CC(C3=C(C4=CC(OC)=CC=C4)N=C(NCC)S3)=N2)=CC=C1OCCN(C)C,0.00091,literature 
Penzo,CC(C)N1CCC(OC2=C(F)C=C(NC3=NC=CC(C4=C(C5=CC(OC)=CC(OC)=C5)N=C(N)S4)=N3)C=C2)CC1,0.00063,literature 
Penzo,COC1=CC(C2=C(SC(NCC)=N2)C3=NC(NC4=CC(OC)=C(C=C4)N5CCN(C(C)C)CC5)=NC=C3)=CC(OC)=C1,0.0009,literature 
Penzo,ClC1=CC(NC2=NC(C3=C(C4=CC=CC(O)=C4)N=C(NCC)S3)=CC=N2)=CC=C1OCCN5CCCC5,0.00075,literature 
Penzo,FC1=C(OCCN2CCCC2)C=CC(NC3=NC=CC(C4=C(C5=CC(OC)=CC(OC)=C5)C=C(NC)S4)=N3)=C1,0.00037,literature 
Penzo,FC1=CC(NC2=NC(C3=C(C4=CC(OC)=CC(OC)=C4)N=C(NCC)S3)=CC=N2)=CC=C1OCCN5CCC5,0.00074,literature 
Penzo,COC1=C(OCCN2CCCC2)C=CC(NC3=NC(C4=C(C5=CC(OC)=CC=C5)N=C(NCC)S4)=CC=N3)=C1,0.00057,literature 
Penzo,COC1=CC(NC2=NC(C3=C(C4=CC=CC(O)=C4)N=C(NCC)S3)=CC=N2)=CC(OC)=C1OC,0.00019,literature 
Penzo,CCNC1=NC(C2=CC=C3C(OCO3)=C2)=C(S1)C4=CC=NC(NC5=CC(F)=C(OCCN6CCCC6)C=C5)=N4,0.00054,literature 
Penzo,FC1=C(OC2CCNCC2)C=CC(NC3=NC=CC(C4=C(C5=CC(OC)=CC(OC)=C5)N=C(NCC)S4)=N3)=C1,0.00065,literature 
Penzo,CN(CC1)CCN1C2=CC=C(NC3=NC(C4=C(C5=CC=C6C(OCO6)=C5)N=C(NCC)S4)=CC=N3)C=C2F,0.00079,literature 
Penzo,CN(CC1)CCN1C2=CC=C(NC3=NC(C4=C(C5=CC=CC(S(C)(=O)=O)=C5)N=C(NCC)S4)=CC=N3)C=C2F,0.00082,literature 
Penzo,CN(CC1)CCN1C2=CC=C(NC3=NC(C4=C(C5=CC=NC(OC)=C5)N=C(NCC)S4)=CC=N3)C=C2F,0.00062,literature 
Penzo,CN(CC1)CCN1C2=C(F)C=C(NC3=NC(C4=C(C5=CC(OC)=C(F)C=C5)N=C(NCC)S4)=CC=N3)C=C2,0.00102,literature 
Penzo,CCNC1=NC(C2=CC(OCO3)=C3C=C2)=C(S1)C4=CC=NC(NC5=CC=C(N6CCS(CC6)(=O)=O)N=C5)=N4,0.00052,literature 
Penzo,CCNC1=NC(C2=CC(OCO3)=C3C=C2)=C(S1)C4=CC=NC(NC5=CC=C(N6CCN(C(C)=O)CC6)N=C5)=N4,0.00072,literature 
Penzo,OCC1=CC(C2=C(SC(C(C)C)=N2)C3=CC=NC(NC4=CC=C(N5CCN(C(C)=O)CC5)N=C4)=N3)=CC=C1,0.00105,literature 
Penzo,FC1=C(C2=C(C3=CC=NC(N)=N3)SC(C4CCNCC4)=N2)C=CC=C1NS(C5=COC=C5)(=O)=O,0.00093,literature 
Penzo,FC1=C(C2=C(C3=CC=NC(N)=N3)SC(C4(C)CCNCC4)=N2)C=CC=C1NS(C5=COC=C5)(=O)=O,0.00081,literature 
Penzo,CCNC1=NC(C2=CC(O)=CC=C2)=C(C3=CC=NC(NC4=CC=C(S(C)(=O)=O)C=C4)=N3)S1,0.00112,literature 
Penzo,OC1=CC=CC(C2=C(C3=CC=NC(NC4=CC=CC(S(C)(=O)=O)=C4)=N3)SC(N(C)C)=N2)=C1,0.00086,literature 
Penzo,CS(C1=CC=CC(C2=C(C3=CC=NC(NC4=CC(C(N)=O)=CC=C4)=N3)SC(NCC)=N2)=C1)(=O)=O,0.00059,literature 
Penzo,NC1=NC(C2=C(C3=CC=CC(NS(C4=COC=C4)(=O)=O)=C3Cl)N=C(N5CCNCC5)S2)=CC=N1,0.0011,literature 
Penzo,NCCNC(C1=CC=CC(NC2=NC(C3=C(C4=CC(O)=CC=C4)N=C(N(C)C)S3)=CC=N2)=C1)=O,0.001,literature 
Penzo,FC1=CC=C(C=C1)C2=C(C3=NC(NC4=CC=C(N5CCN(C)CC5)C=C4)=NC=C3)SC(C6CCNCC6)=N2,0.0006,literature 
Penzo,NC(S1)=NC(C2=CC=C(F)C=C2)=C1C3=NC(NC4=CC=C(N5CCNCC5)C=C4)=NC=C3,0.0009,literature 
Tsagriz,CN1CCC(C2=NC(C3=CC=C(F)C=C3)=C(C4=CC=NC(N)=N4)S2)CC1,0.017,literature 
Tsagriz,FC1=CC=C(C=C1)C(N=C(C2CCN(C)CC2)S3)=C3C4=CC=NC(NC5=CC=C(N6CCN(C)CC6)C=C5)=N4,0.015,literature 
Tsagriz,FC1=CC=C(C=C1)C(N=C(C2CCN(C)CC2)S3)=C3C4=CC=NC(NC)=N4,0.001,literature 
Tsagriz,FC1=CC=C(C=C1)C(N=C(C2CCN(C)CC2)S3)=C3C4=CC=NC(NC5=CC=C(N6CCNCC6)C=C5)=N4,0.0007,literature 
Tsagriz,FC1=CC=C(C=C1)C(N=C(C2CCN(C)CC2)S3)=C3C4=CC=NC(NC5=CC=C(C6CCNCC6)C=C5)=N4,0.0003,literature 
Tsagriz,FC1=CC=C(C=C1)C(N=C(C2CCNCC2)S3)=C3C4=CC=NC(NC5=CC=C(N6CCNCC6)C=C5)=N4,0.0005,literature 
Tsagriz,FC1=CC=C(C=C1)C(N=C(C2CCN(C)C2)S3)=C3C4=CC=NC(NC5=CC=C(N6CCN(C)CC6)C=C5)=N4,0.006,literature 
Tsagriz,CN(C1)CCC1C(S2)=NC(C)=C2C3=CC=NC(NC4=CC=C(N5CCNCC5)C=C4)=N3,0.149,literature 
Tsagriz,CN(C1)CCC1C(S2)=NC(C3CC3)=C2C4=CC=NC(NC5=CC=C(N6CCNCC6)C=C5)=N4,0.047,literature 
Tsagriz,CN(C1)CCC1C(S2)=NC(C3=CC(S(=O)(C)=O)=CC=C3)=C2C4=CC=NC(NC5=CC=C(N6CCNCC6)C=C5)=N4,0.0009,literature 
Tsagriz,NC1=NC(C2=C(C3=CC(S(=O)(C)=O)=CC=C3)N=C(C4CCN(C)C4)S2)=CC=N1,0.033,literature 
Tsagriz,CN(C1)CCC1C(S2)=NC(C3=CC(S(=O)(C)=O)=CC=C3)=C2C4=CC=NC(NC5CCOCC5)=N4,0.009,literature 
Tsagriz,CN(C1)CCC1C(S2)=NC(C3=CC(S(=O)(C)=O)=CC=C3)=C2C4=CC=NC(NC5CC5)=N4,0.017,literature 
Tsagriz,CN(C1)CCC1C(S2)=NC(C3=CC(S(=O)(C)=O)=CC=C3)=C2C4=CC=NC(NCC5CC5)=N4,0.006,literature 
Tsagriz,CN(C1)CCC1C(S2)=NC(C3=CC=C(F)C(NS(=O)(C)=O)=C3)=C2C4=CC=NC(NCC5CC5)=N4,0.002,literature 
Baker,FC(C=C1)=CC=C1C2=C(C3=NC(N)=NC=C3)N4C=CC(CN(C)C)=CC4=N2,0.0031,literature 
Baker,FC(C=C1)=CC=C1C2=C(C3=NC(NC4=CC=C(N5CCNCC5)C=C4)=NC=C3)N6C=CC=CC6=N2,0.00171,literature 
Baker,FC(C=C1)=CC=C1C2=C(C3=NC(NC4=CC=C(N5CCNCC5)C=C4)=NC=C3)N6C=C([H])C(CN(C)C)=CC6=N2,0.00079,literature 
Baker,FC(C=C1)=CC=C1C2=C(C3=NC(NC4=CC=C(N5CCNCC5)C=C4)=NC=C3)N6C=C(C)C(CN(C)C)=CC6=N2,0.00045,literature 
Baker,CN(C)CC1=CC2=NC(C3=CC=CC(S(C)(=O)=O)=C3)=C(C4=NC(N[H])=NC=C4)N2C=C1,0.00088,literature 
Baker,CN(C)CC1=CC2=NC(C3=CC=CC(S(C)(=O)=O)=C3)=C(C4=NC(NC5CC5)=NC=C4)N2C=C1,0.00013,literature 
Baker,NC1=NC=CC(C2=C(C3=CC=CC(NS(C)(=O)=O)=C3)N=C4N2C=CC(CN(C)C)=C4)=N1,0.00434,literature 
Baker,CN(C)CC1=CC2=NC(C3=CC=C(F)C(NS(C)(=O)=O)=C3)=C(C4=NC(N[H])=NC=C4)N2C=C1[H],0.00079,literature 
Baker,CN(C)CC1=CC2=NC(C3=CC=C(F)C(NS(C)(=O)=O)=C3)=C(C4=NC(N[H])=NC=C4)N2C=C1C,0.00119,literature 
Baker,CN(C)CC1=CC2=NC(C3=CC=C(F)C(NS(C)(=O)=O)=C3)=C(C4=NC(NCCCC)=NC=C4)N2C=C1C,0.00016,literature 
SFK52,CNS(=O)(=O)c1ccc(cc1)-c1cnc2ccc(nn12)-c1cccc(c1)S(=O)(=O)C,0.076678954,Inhouse
SFK52,CC(=O)c1ccc(cc1)-c1cnc2ccc(nn12)-c1cccc(c1)S(=O)(=O)C,0.15000958,Inhouse
SFK52,Cc1ccc(cc1)-c1cnc2ccc(nn12)-c1cccc(c1)S(=O)(=O)C,30,Inhouse
SFK52,CS(=O)(=O)c1cccc(c1)-c1ccc2ncc(n2n1)-c1ccc(cc1)C(=O)NC1CC1,0.978992954,Inhouse
SFK52,CN1CCN(CC1)C(=O)c1cccc(c1)-c1ccc2ncc(n2n1)-c1ccc(cc1)S(=O)(=O)C,0.292,Inhouse
SFK52,CS(=O)(=O)c1ccc(cc1)-c1cnc2ccc(nn12)-c1cccc(c1)S(=O)(=O)NC1CC1,0.016067082,Inhouse
SFK52,CS(=O)(=O)c1ccc(cc1)-c1cnc2ccc(nn12)-c1cccc(c1)NS(=O)(=O)C1CC1,10,Inhouse
SFK52,CS(=O)(=O)c1ccc(cc1)-c1cnc2ccc(nn12)-c1cccc(c1)C(=O)N1CCCCC1,0.432,Inhouse
SFK57,CS(=O)(=O)c1ccc(cc1)-c1nnc2ccc(cn12)-c1cccc(c1)S(=O)(=O)NC1CC1,30,Inhouse
SFK52,CS(=O)(=O)c1ccc(cc1)-c1cnc2ccc(nn12)-c1cccc(c1)C(=O)NCCO,0.207403354,Inhouse
SFK52,NCc1cccc(c1)-c1ccc2ncc(n2n1)-c1ccncc1,0.064188381,Inhouse
SFK52,CS(=O)(=O)c1cccc(c1)-c1ccc2ncc(n2n1)-c1ccc(cc1)C(=O)N,0.085963618,Inhouse
SFK52,CS(=O)(=O)c1ccc(cn1)-c1cnc2ccc(nn12)-c1cccc(c1)S(=O)(=O)C1CC1,0.004899128,Inhouse
SFK52,CS(=O)(=O)c1ccc(cc1)-c1cnc2ccc(nn12)-c1cncc(c1)N,0.875211199,Inhouse
SFK52,CS(=O)(=O)c1ccc(cc1)-c1cnn2ccc(cc12)-c1cccc(c1)S(=O)(=O)C,1.161408722,Inhouse
SFK40,CS(=O)(=O)c1ccc(cc1)-c1cnc(c(c1)-c1ccc(nc1)C(F)(F)F)N,10,Inhouse
SFK40,Nc1ncc(nc1-c1ccc(cc1)C(F)(F)F)-c1ccc(cc1)C(=O)N1CCNCC1,10,Inhouse
SFK52,CS(=O)(=O)c1ccc(cc1)-c1cnc2ccc(nn12)-c1cccc(c1)S(=O)(=O)C,1.417159923,Inhouse
SFK52,CS(=O)(=O)Nc1cccc(c1)-c1cnc2ccc(nn12)-c1cccc(c1)S(=O)(=O)C,0.366039038,Inhouse
SFK52,CS(=O)(=O)c1ccc(cc1)-c1cnc2ccc(nn12)-c1cccc(c1)C(=O)N,0.41426754,Inhouse
SFK52,CS(=O)(=O)c1ccc(cc1)-c1cnc2ccc(nn12)-c1cccc(c1)C(F)(F)F,3.330703179,Inhouse
SFK52,CS(=O)(=O)c1ccc(cc1)-c1cnc2ccc(nn12)-c1cccc(c1)S(=O)(=O)N,0.101704787,Inhouse
SFK52,CS(=O)(=O)c1cccc(c1)-c1ccc2ncc(n2n1)-c1cccc(c1)S(=O)(=O)C,0.100763887,Inhouse
SFK52,CS(=O)(=O)c1cccc(c1)-c1ccc2ncc(n2n1)-c1ccc(cc1)-c1nn[nH]n1,0.709208965,Inhouse
SFK52,CS(=O)(=O)c1ccc(cc1)-c1cnc2ccc(nn12)-c1cccc(c1)S(=O)(=O)C1CC1,0.313269198,Inhouse
SFK52,CS(=O)(=O)c1ccc(cc1)-c1cnc2ccc(nn12)-c1cccc(c1)S(=O)(=O)N1CCCC1,0.052569734,Inhouse
SFK52,CS(=O)(=O)c1ccc(cc1)-c1cnc2ccc(nn12)-c1cncc(c1)S(=O)(=O)C,30,Inhouse
SFK52,CS(=O)(=O)c1cccc(c1)-c1ccc2ncc(n2n1)-c1ccc(nc1)S(=O)(=O)C,0.003969305,Inhouse
SFK52,CS(=O)(=O)c1cccc(c1)-c1ccc2ncc(n2n1)-c1ccc(cc1)S(=O)(=O)NCCO,2.264842416,Inhouse
SFK52,Cn1cnc2cc(ccc12)-c1cnc2ccc(nn12)-c1cccc(c1)S(=O)(=O)C,0.985134959,Inhouse
SFK52,Cn1ncc2cc(ccc12)-c1cnc2ccc(nn12)-c1cccc(c1)S(=O)(=O)C,0.032044603,Inhouse
SFK52,CS(=O)c1ccc(cc1)-c1cnc2ccc(nn12)-c1cccc(c1)S(=O)C,3.209625125,Inhouse
SFI06,NC1CCN(CC1)c1nc(nc2cc(sc12)-c1ccc(cc1)C(F)(F)F)N,10,Inhouse
SFK52,CS(=O)c1ccc(cc1)-c1cnc2ccc(nn12)-c1cccc(c1)S(=O)(=O)C1CC1,0.522449185,Inhouse
SFK52,CS(=O)(=O)c1cccc(c1)-c1ccc2ncc(n2n1)-c1ccc(cc1)C(=O)O,0.417561859,Inhouse
SFI06,CNc1nc(c2sc(cc2n1)-c1ccc(cc1)C(F)(F)F)N1CCC(N)CC1,10,Inhouse
SFK52,CS(=O)(=O)c1ccc(cc1)-c1cnc2ccc(nn12)-c1cccc(c1)C(=O)N1CCC(O)CC1,0.1825,Inhouse
SFK52,CS(=O)(=O)c1ccc(cc1)-c1cnn2ccc(nc12)-c1cccc(c1)C(=O)N1CC(O)C1,0.211625392,Inhouse
SFK52,CS(=O)(=O)c1ccc(cc1)-c1cnc2ccc(nn12)N,1.437849075,Inhouse
SFK40,Nc1ncc(nc1-c1ccc(cc1)C(F)(F)F)-c1ccc(cc1)C(=O)O,10,Inhouse
SFK52,CS(=O)(=O)c1ccc(cc1)-c1cnn2ccc(cc12)-c1cccc(c1)S(=O)(=O)C1CC1,3.123931885,Inhouse
SFK52,CS(=O)c1ccc(cc1)-c1cnn2ccc(cc12)-c1cccc(c1)S(=O)(=O)C1CC1,1.403247138,Inhouse
SFK52,CS(=O)c1ccc(cc1)-c1cnc2ccc(nn12)-c1cccc(c1)C(=O)N1CCNCC1,1.73233968,Inhouse
PA,O=C(Nc1ccc(cc1)Nc1ccncc1)c1ccc(cc1)Nc1ccncc1,9.766666667,Inhouse
SFK52,CS(=O)c1ccc(cc1)-c1cnc2ccc(nn12)-c1cccc(c1)C(=O)N1CCC(O)CC1,2.23880899,Inhouse
PA,Cc1cc(ccc1C(=O)Nc1ccc(cc1)Nc1ccncc1)Nc1ccncc1,100,Inhouse
SFK52,CS(=O)c1ccc(cc1)-c1cnc2ccc(nn12)-c1cccc(c1)C(=O)N1CCCCC1,1.514349222,Inhouse
PA,O=C(Nc1cccc(c1)Nc1ccncc1)c1ccc(cc1)Nc1ccncc1,22.1,Inhouse
Pyrazolopyrimidine,Nc1nc2cc(ccc2o1)-c1nn(c2ncnc(c12)N)Cc1ccc(cc1)Cl,7.594163656,Inhouse
Pyrazolopyrimidine,Nc1nc2cc(ccc2o1)-c1nn(c2ncnc(c12)N)Cc1cccc(c1)Cl,2.6,Inhouse
Pyrazolopyrimidine,Nc1nc2cc(ccc2o1)-c1nn(c2ncnc(c12)N)Cc1ccc(cc1)F,1.8,Inhouse
Pyrazolopyrimidine,Cc1cccc(c1)Cn1nc(c2c(ncnc12)N)-c1ccc2oc(nc2c1)N,0.63,Inhouse
Pyrazolopyrimidine,Cc1ccc(cc1)Cn1nc(c2c(ncnc12)N)-c1ccc2oc(nc2c1)N,10,Inhouse
Pyrazolopyrimidine,Nc1nc2cc(ccc2o1)-c1nn(c2ncnc(c12)N)Cc1cccc(c1)C(F)(F)F,0.150420763,Inhouse
Pyrazolopyrimidine,Nc1nc2cc(ccc2o1)-c1nn(c2ncnc(c12)N)Cc1ccccc1,0.52,Inhouse
Pyrazolopyrimidine,Nc1nc2cc(ccc2o1)-c1nn(c2ncnc(c12)N)Cc1ccncc1,0.485,Inhouse
Pyrazolopyrimidine,Nc1nc2cc(ccc2o1)-c1nn(c2ncnc(c12)N)Cc1cccnc1,0.35,Inhouse
Pyrazolopyrimidine,NC(=O)c1ccc(cc1)Cn1nc(c2c(ncnc12)N)-c1ccc2oc(nc2c1)N,1.29137328,Inhouse
Pyrazolopyrimidine,Nc1nc2cc(ccc2o1)-c1nn(c2ncnc(c12)N)Cc1cccc(c1)F,3.195756435,Inhouse
Pyrazolopyrimidine,Nc1nc2cc(ccc2o1)-c1nn(c2ncnc(c12)N)Cc1ccccc1F,0.1,Inhouse
Pyrazolopyrimidine,Cc1ccccc1Cn1nc(c2c(ncnc12)N)-c1ccc2oc(nc2c1)N,0.225,Inhouse
Pyrazolopyrimidine,Nc1nc2cc(ccc2o1)-c1nn(c2ncnc(c12)N)Cc1ccc(c(c1)F)Cl,0.219051607,Inhouse
Pyrazolopyrimidine,Nc1nc2cc(ccc2o1)-c1nn(c2ncnc(c12)N)Cc1ccccc1C(F)(F)F,0.23,Inhouse
Pyrazolopyrimidine,Nc1nc2cc(ccc2o1)-c1nn(c2ncnc(c12)N)Cc1ccccc1Cl,0.32,Inhouse
Pyrazolopyrimidine,Nc1nc2cc(ccc2o1)-c1nn(c2ncnc(c12)N)Cc1ccc(nc1)Cl,0.553545207,Inhouse
Pyrazolopyrimidine,Nc1nc2cc(ccc2o1)-c1nn(c2ncnc(c12)N)CC1CCCCC1,0.061770396,Inhouse
Pyrazolopyrimidine,Nc1nc2cc(ccc2o1)-c1nn(c2ncnc(c12)N)Cc1ccc(cc1Cl)F,0.166231535,Inhouse
Pyrazolopyrimidine,Nc1nc2cc(ccc2o1)-c1nn(c2ncnc(c12)N)Cc1ccc(nc1)F,0.62254861,Inhouse
Pyrazolopyrimidine,Cc1ccc(cn1)Cn1nc(c2c(ncnc12)N)-c1ccc2oc(nc2c1)N,0.245,Inhouse
Pyrazolopyrimidine,Nc1nc2cc(ccc2o1)-c1nn(c2ncnc(c12)N)Cc1ccc(c(c1)C#N)F,0.762538522,Inhouse
SFK77,COc1ccc(cc1OC)-c1ccc2ncc(n2n1)Nc1cccnc1OC,2,Inhouse
Pyrazolopyrimidine,NC(=O)c1ccccc1Cn1nc(c2c(ncnc12)N)-c1ccc2oc(nc2c1)N,0.295,Inhouse
Pyrazolopyrimidine,CNS(=O)(=O)c1ccc(cc1)Cn1nc(c2c(ncnc12)N)-c1ccc2oc(nc2c1)N,0.535489974,Inhouse
Pyrazolopyrimidine,Nc1ccc(cc1)Cn1nc(c2c(ncnc12)N)-c1ccc2oc(nc2c1)N,0.05274808,Inhouse
Pyrazolopyrimidine,Nc1cccc(c1)Cn1nc(c2c(ncnc12)N)-c1ccc2oc(nc2c1)N,0.116408151,Inhouse
Pyrazolopyrimidine,Nc1nc2cc(ccc2o1)-c1nn(c2ncnc(c12)N)Cc1ccnc(c1)Cl,0.833685756,Inhouse
Pyrazolopyrimidine,Nc1nc2cc(ccc2o1)-c1nn(c2ncnc(c12)N)Cc1ccnc(c1)F,0.710977226,Inhouse
Pyrazolopyrimidine,Cc1cncc(c1)Cn1nc(c2c(ncnc12)N)-c1ccc2oc(nc2c1)N,0.383862957,Inhouse
Pyrazolopyrimidine,CN(C)c1cccc(c1)Cn1nc(c2c(ncnc12)N)-c1ccc2oc(nc2c1)N,0.154445909,Inhouse
Pyrazolopyrimidine,Nc1nc2cc(ccc2o1)-c1nn(c2ncnc(c12)N)Cc1ccc(cn1)Cl,0.289317541,Inhouse
Pyrazolopyrimidine,Cc1cc(ccn1)Cn1nc(c2c(ncnc12)N)-c1ccc2oc(nc2c1)N,0.883534878,Inhouse
Pyrazolopyrimidine,CN(C)S(=O)(=O)c1ccc(cc1)Cn1nc(c2c(ncnc12)N)-c1ccc2oc(nc2c1)N,0.802514061,Inhouse
Pandemic Response Box,COc1cc(c2c(c(cc(c2n1)NC(C)CCCN)OC)Oc1cccc(c1)C(F)(F)F)C,8.707168261,Inhouse
Pandemic Response Box,CCc1nc(nc(c1C#CC(C)c1cc(cc(c1)-c1ccncc1)OC)N)N,7.294777711,Inhouse
Pandemic Response Box,Cc1cccc(c1C(=O)Nc1nc(cc2ccccc12)-c1ccccn1)C,10,Inhouse
Pandemic Response Box,CN1CCN(CC1)Cc1ccc(cc1)C(=O)Nc1ccc(c(c1)Nc1nccc(n1)-c1cccnc1)C,6.133277178,Inhouse
Pandemic Response Box,CN(C)CCCOc1ccc(cn1)-c1ccc2ncc3c(c2c1)N(C1CCOCC1)C(=O)N3C,10,Inhouse
Pyrazolopyrimidine,CN(C)S(=O)(=O)c1cccc(c1)Cn1nc(c2c(ncnc12)N)-c1ccc2oc(nc2c1)N,0.180628541,Inhouse
Pyrazolopyrimidine,CNS(=O)(=O)c1cccc(c1)Cn1nc(c2c(ncnc12)N)-c1ccc2oc(nc2c1)N,0.224371109,Inhouse
Pyrazolopyrimidine,Nc1nc2cc(ccc2o1)-c1nn(c2ncnc(c12)N)Cc1ccc(cc1)S(=O)(=O)N,0.334,Inhouse
Pyrazolopyrimidine,Nc1nc2cc(ccc2o1)-c1nn(c2ncnc(c12)N)Cc1cccc(n1)F,0.186290413,Inhouse
Pyrazolopyrimidine,Nc1nc2cc(ccc2o1)-c1nn(c2ncnc(c12)N)Cc1cccc(n1)C(F)(F)F,0.195577174,Inhouse
Pyrazolopyrimidine,Nc1nc2cc(ccc2o1)-c1nn(c2ncnc(c12)N)CC1CCC(F)(F)CC1,0.25822264,Inhouse
Pyrazolopyrimidine,Nc1nc2cc(ccc2o1)-c1nn(c2ncnc(c12)N)Cc1cncc(c1)Cl,0.144545853,Inhouse
DEL1047,CN(C)Cc1cc2nc(c(n2cc1C)-c1ccnc(n1)NCC1CC1)-c1ccc(c(c1)NS(=O)(=O)C)F,0.000565482,Inhouse
SFK82,COc1ccc(cc1F)-c1n[nH]c2ncc(nc12)-c1cnn(c1)C,10,Inhouse
SFK82,COc1ccc(cc1F)-c1n[nH]c2ncc(nc12)-c1ccc(cc1)NS(=O)(=O)C,10,Inhouse
Imidazopyridine,CS(=O)(=O)c1ccc(cc1)-c1cnc2ccc(cn12)-c1cccc(c1)C(=O)N,10,Inhouse
Imidazopyridine,CS(=O)(=O)c1ccc(cc1)-c1cnc2ccc(cn12)-c1cccc(c1)C(=O)N1CCC(O)CC1,4.792702357,Inhouse
Imidazopyridine,CS(=O)c1ccc(cc1)-c1cnc2ccc(cn12)-c1cccc(c1)C(=O)N1CCOCC1,10,Inhouse
Imidazopyridine,CS(=O)c1ccc(cc1)-c1cnc2ccc(cn12)-c1cccc(c1)C(=O)N1CCCC1,10,Inhouse
Imidazopyridine,CS(=O)c1ccc(cc1)-c1cnc2ccc(cn12)-c1cccc(c1)C(=O)N1CCCCC1,10,Inhouse
Imidazopyridine,CS(=O)(=O)c1ccc(cc1)-c1cnc2ccc(cn12)-c1cccc(c1)C(=O)O,10,Inhouse
PATHBOX,COc1ccc(cn1)-c1cnc2ccc(nn12)NCc1ccc(cc1)S(=O)(=O)N,0.10137203,Inhouse
PATHBOX,COc1ccc(cc1)-c1cncc2ccc(nc12)C(=O)NCCCn1ccnc1,0.17296274,Inhouse
PATHBOX,COc1ccc(cc1OC)-c1nn(c2ncnc(c12)N)C(C)C,0.027964962,Inhouse
PATHBOX,CNC(=O)c1nn(c-2c1C(C)(C)Cc1cnc(nc12)Nc1ccc(cc1)N1CCN(C)CC1)C,0.054041436,Inhouse
PATHBOX,CCOc1ccc2cc(ccc2c1)-c1nn(c2ncnc(c12)N)CC1CCN(C)CC1,0.175239176,Inhouse
SFK82,CS(=O)c1ccc(cc1)-c1n[nH]c2ncc(nc12)-c1cccc(c1)S(=O)(=O)C1CC1,10,Inhouse
PKGDEL966,CNc1ncnc(n1)N1CCC(CCNC(=O)c2cc([nH]n2)-c2cccnc2)CC1,1.366491616,Inhouse
PKGDEL966,CNC(=O)c1cccc(c1)CNc1ncnc(n1)N1CCC(CCNC(=O)c2cc([nH]n2)-c2cccnc2)CC1,1.459051847,Inhouse
SFK82,COc1ccc(cc1F)-c1n[nH]c2ncc(nc12)-c1ccc(cc1)C(=O)N,10,Inhouse
KinoHits,Cc1cnc(nc1Nc1cccc(c1)S(=O)(=O)NC(C)(C)C)Nc1ccc(cc1)OCCN1CCCC1,0.220218226,Inhouse
PKGDEL966,OCCN(Cc1ccccc1F)c1ncnc(n1)N1CCC(CCNC(=O)c2cc([nH]n2)-c2cccnc2)CC1,0.24608463,Inhouse
PTri,Cc1cc(n[nH]1)Nc1nc(c2cccn2n1)Nc1ccc(cc1)Cl,1.774606526,Inhouse
PKGDEL966,CNC(=O)C1CN(C1)c1ncnc(n1)N1CCC(CCNC(=O)c2cc([nH]n2)-c2cccnc2)CC1,2.646028161,Inhouse
PKGDEL966,O=C(NCCC1CCNCC1)c1cc([nH]n1)-c1ccccn1,30,Inhouse
PKGDEL966,O=C(NCCC1CCNCC1)c1cc([nH]n1)-c1ccncc1,3.523645401,Inhouse
PKGDEL966,NCCCCCNC(=O)c1cc([nH]n1)-c1cccnc1,30,Inhouse
PTri,Cc1cc(c2ccccc2n1)Nc1nc(c2cccn2n1)NCCN1CCCC1,10,Inhouse
KCGS,CN(C)C/C=C/C(=O)Nc1cccc(c1)C(=O)Nc1ccc(c(c1)C)Nc1nccc(n1)-c1cccnc1,0.777977109,Inhouse
KinoHits,CNCc1ccc(cc1)-c1cc(on1)-c1nc(cnc1N)-c1ccc(cc1)S(=O)(=O)C(C)C,10,Inhouse
KCGS,CN(C)CCOc1ccc(cc1)-c1nc(c([nH]1)-c1ccncc1)-c1ccc/2c(c1)CC\C2=N\O,4.189515114,Inhouse
KCGS,Nc1nccc(n1)-c1c(ncn1C1CCN(CC1)Cc1ccccc1)-c1ccc(cc1)F,1.177436799,Inhouse
KCGS,COc1ccc2[nH]c3c4[nH]c5ccc(cc5c4c4c(c3c2c1)C(=O)NC4=O)OC,0.063987367,Inhouse
KCGS,CCn1cc(c(n1)-c1ccc(cc1)NC(=O)N(C)C)-c1ccnc2[nH]c(cc12)-c1cccc(c1)CN(C)C,1.696340799,Inhouse
KCGS,CN(C)CCN(C)C(=O)c1cc(c(o1)-c1ccc(c(c1)O)Cl)-c1ccncc1,0.003752918,Inhouse
KCGS,Nc1ncnc2occ(c12)-c1ccc(cc1)NC(=O)Nc1cc(ccc1F)C(F)(F)F,10,Inhouse
KCGS,COc1ccc(cn1)C1=Cc2c(nc(nc2N([C@H]2CC[C@@H](CC2)OCCO)C1=O)N)C |r|,10,Inhouse
GSK-Compound 9,CN1CCN(CC1)c1cc(nc(n1)N)-c1ccncc1,10,Inhouse
GSK-Compound 9,COc1cccc(c1)Nc1nc(cc(n1)-c1ccncc1)N1CCN(C)CC1,0.01776032,Inhouse
SFK52,NC1CCN(CC1)C(=O)c1cccc(c1)-c1ccc2ncc(n2n1)-c1ccc(cc1)C(=O)N1CC(O)C1,1.725986997,Inhouse
SFK52,CNC(=O)c1ccc(cc1)-c1cnc2ccc(nn12)-c1cccc(c1)C(=O)N1CCC(N)CC1,1.549129923,Inhouse
SFK52,NC1CCN(CC1)C(=O)c1cccc(c1)-c1ccc2ncc(n2n1)-c1cccc(c1)C(=O)N1CC[C@H](O)C1,0.047543635,Inhouse
SFK52,NC1CCN(CC1)C(=O)c1cccc(c1)-c1ccc2ncc(n2n1)-c1cccc(c1)C(=O)N1CC(O)C1,1.035335998,Inhouse
GSK-Compound 9,CN1CCN(CC1)c1cc(nc(n1)Nc1cccc(c1)S(=O)(=O)C)-c1ccnc(c1)NCC1CC1,3.695713639,Inhouse
GSK-Compound 9,COc1cccc(c1)Nc1nc(cc(n1)-c1ccnc(c1)NCC1CC1)N1CCN(C)CC1,0.390490254,Inhouse
"Pyrimido[1,2-a]benzimidazole",FC(F)(F)c1ccc(cc1)C1=CC(=O)N2C(=N1)N(Cc1cccc(c1Cl)Cl)c1ccccc12,10,Inhouse
"Pyrimido[1,2-a]benzimidazole",Clc1cccc(c1Cl)CN1C2=NC(=CC(=O)N2c2ccccc21)c1ccc(cc1)C#N,10,Inhouse
"Pyrimido[1,2-a]benzimidazole",Clc1cccc(c1Cl)CN1C2=NC(=CC(=O)N2c2ccccc21)N1CCOCC1,10,Inhouse
"Pyrimido[1,2-a]benzimidazole",Clc1cccc(c1Cl)CN1C2=NC(=CC(=O)N2c2ccccc21)Nc1ccc(cc1)C#N,10,Inhouse
Azabenzofuran,CC(C)(O)c1cccc(c1F)-c1ncnc2cc(oc12)-c1ccc(cc1)S(=N)(=O)C,5.512360493,Inhouse
SFK50,NC1CCN(CC1)C(=O)c1cccc(c1)-c1ccc2nnc(n2c1)-c1cccc(c1)C(=O)N1CC[C@@H](O)C1,10,Inhouse
SFK52,NC1CCN(CC1)C(=O)c1cccc(c1)-c1ccc2ncc(n2n1)-c1cccc(c1)C(=O)N1CCC(O)CC1,5.613967657,Inhouse
SFK52,NC1CCN(CC1)C(=O)c1cccc(c1)-c1ccc2ncc(n2n1)-c1cccc(c1)C(=O)N1CCC(N)CC1,2.53711319,Inhouse
NEU-01,COc1ccc(cn1)Nc1cnnc2cc(ccc12)-c1cccc(c1)N1CCOCC1,10,Inhouse
NEU-01,COc1ccc(cc1)Nc1cnnc2cc(ccc12)N1CCCN(C)CC1,10,Inhouse
MalDA,CCN(CC)Cc1ccc(c(c1)-c1cc2c(ccnc2[nH]1)-c1ccc(c(c1)C(C)C)C(=O)O)OC,0.270261168,Inhouse
NEU-01,C[C@@H]1COCCN1c1ncc(cn1)-c1ccc/2c(c1)N(C)C=C\C2=N/c1cnccn1,10,Inhouse
NEU-01,C[C@H]1COCCN1c1ncc(cn1)-c1ccc/2c(c1)N(C)C=C\C2=N/c1cnccn1,10,Inhouse
NEU-01,CN1C=C/C(=N\c2cnccn2)c2ccc(cc21)-c1cnc(nc1)N1CCCN(CC1)C(=O)OC(C)(C)C,10,Inhouse
NEU-01,CN1C=C/C(=N\c2cnccn2)c2ccc(cc21)-c1cnc(nc1)N1CCCNCC1,10,Inhouse
SFK82,COc1ccc(cc1F)-c1n[nH]c2ncc(cc12)-c1cnn(c1)C,7.580217361,Inhouse
VE-821/2,CS(=O)(=O)c1ccc(cc1)-c1cnc(c(n1)C(=O)NC1CCC(F)(F)CC1)N,10,Inhouse
PTri,Cc1cc(ccn1)Nc1nc(c2cccn2n1)Nc1ccc(cc1)Cl,10,Inhouse
NEU-01,CN1CCCN(CC1)S(=O)(=O)c1ccc(cc1)-c1ccc2nncc(c2c1)Nc1ccc(cc1)OC(F)(F)F,10,Inhouse
NEU-01,CN1CCCN(CC1)S(=O)(=O)c1ccc(cc1)-c1ccc2c(cnnc2c1)Nc1ccc(c(c1)Cl)OCc1cccc(c1)F,10,Inhouse
NEU-01,CN1CCN(CC1)S(=O)(=O)c1ccc(cc1)-c1ccc2c(cnnc2c1)Nc1ccc(nc1)C,10,Inhouse
NEU-01,CN1CCCN(CC1)S(=O)(=O)c1ccc(cc1)-c1ccc2c(cnnc2c1)Nc1ncc(cn1)Cl,10,Inhouse
SILK,CC(C)CC(=O)Nc1cncc(c1)-c1ccc2[nH]nc(c2c1)-c1nc2cncc(c2[nH]1)-c1cccc(c1)F,8.399861495,Inhouse
SILK,COc1ccc(cn1)NC(=O)c1n[nH]c2ccc(cc12)-c1cncc(c1)CN1CCCCC1,2.325077057,Inhouse
SILK,CNc1nc(c2c(c[nH]c2n1)-c1ccc2ncccc2c1)NCc1ncccn1,10,Inhouse
SILK,CN1CCN(CC1)c1cc(ccn1)C(=O)Nc1cc2cc(ccc2cn1)-c1cnn(c1)C,0.694665223,Inhouse
SILK,CN1CCN(CC1)C(=O)C(C)(C)c1ccc(cc1)C(=O)Nc1cn2cc(ccc2n1)-c1ccncc1,5.947275877,Inhouse
ESCulab,COCc1ccc(c(n1)F)-c1ccc2ncc(c(c2c1)NC(C)c1nn(cc1F)C)C(=O)N,10,Inhouse
ESCulab,COc1cccc2c1N=CN(C2=O)c1cc(ccc1C)NC(=O)c1cc(ccc1C)C(F)(F)F,10,Inhouse
ESCulab,Cc1nc(sc1-c1ccc(c(c1)S(=O)(=O)C)Cl)NC(=O)N,10,Inhouse
ESCulab,CCCCOc1cccc(c1-c1csc(c1OC)C(=O)N)F,10,Inhouse
ESCulab,COCCN1C(=O)N(C)c2cnc3ccc(cc3c21)-c1cccnc1,10,Inhouse
NEU-01,CN1CCCN(CC1)c1ncc(cn1)-c1ccc2c(cnnc2c1)Nc1ccc(nc1)C,10,Inhouse
Ki8751,COc1cc2nccc(c2cc1OC)Oc1ccc(c(c1)F)NC(=O)Nc1ccc(c(c1)C(F)(F)F)CN1CCN(C)CC1,10,Inhouse
Ki8751,COc1cc2nccc(c2cc1OC)Oc1ccc(c(c1)F)NC(=O)Nc1ccc(cc1)C=C1CCNCC1,10,Inhouse
Ki8751,COc1cc2nccc(c2cc1OC)Oc1ccc(c(c1)F)NC(=O)Nc1ccc(cc1)CC1CCNCC1,10,Inhouse
Ki8751,COc1cc2nccc(c2cc1OC)Oc1ccc(c(c1)F)NC(=O)Nc1ccc(c(c1)C(F)(F)F)OC1CCN(C)CC1,10,Inhouse
Ki8751,COc1cc2nccc(c2cc1OC)Oc1ccc(c(c1)F)NC(=O)Nc1ccc(c(c1)C(F)(F)F)CC1CCNCC1,10,Inhouse
CZC-54252,COc1cc(ccc1Nc1ncc(c(n1)Nc1ccccc1NS(=O)(=O)C)Cl)N1CCOCC1,6.616448561,Inhouse
CZC-54252,COc1cc(ccc1Nc1ncc(c(n1)Nc1ccccc1NS(=O)(=O)C)I)N1CCOCC1,0.664029807,Inhouse
CZC-54252,COc1cc(ccc1Nc1ncc(c(n1)Nc1ccccc1NS(=O)(=O)C)C(F)(F)F)N1CCOCC1,3.166571736,Inhouse
CZC-54252,COc1cc(ccc1N1CCOCC1)Nc1ncc(c(n1)Nc1ccccc1NS(=O)(=O)C)Cl,1.036186159,Inhouse
Erlotinib,COCCOc1cc2ncnc(c2cc1OCCOC)Nc1cccc(c1)C#C,10,Inhouse
IKK16,O=C(N1CCC(CC1)N1CCCC1)c1ccc(cc1)Nc1nccc(n1)-c1cc2ccccc2s1,1.161622822,Inhouse
IKK16,C1CCN(C1)C1CCN(CC1)Cc1ccc(cc1)Nc1nccc(n1)-c1cc2ccccc2s1,3.139291048,Inhouse
IKK16,Cc1cc(nc(n1)Nc1ccc(cc1)C(=O)N1CCC(CC1)[NH+]1CCCC1)-c1cc2ccccc2s1,10,Inhouse
IKK16,Clc1ccc(s1)-c1nc(ncc1Cl)Nc1ccc(cc1)C(=O)N1CCC(CC1)[NH+]1CCCC1,7.251879692,Inhouse
IKK16,Cc1cnc(nc1-c1ccc(s1)Cl)Nc1ccc(cc1)C(=O)N1CCC(CC1)[NH+]1CCCC1,1.656467736,Inhouse
IKK16,Clc1ccc(cc1Cl)-c1ccnc(n1)Nc1ccc(cc1)C(=O)N1CCC(CC1)N1CCCC1,9.29228878,Inhouse
NEU-03,C1CCN(CC1)Cc1cccc(c1)-c1ccc2ncnc(c2c1)Nc1cnccn1,10,Inhouse
UNC_Purine,CCn1cnc2c(nc(nc12)N[C@@H]1CCCC[C@@H]1N)Nc1cccc(c1)Cl,3.708668709,Inhouse
UNC_Purine,[NH3+][C@H]1CC[C@@H](CC1)Nc1nc(c2[nH+]cn(c2n1)-c1ccccc1)Nc1ccc(cc1)C[NH+]1CCOCC1,0.27342914,Inhouse
UNC_Purine,[NH3+][C@@H]1CCCC[C@@H]1Nc1nc(c2[nH+]cn(c2n1)-c1ccccc1)Nc1cccc(c1)Cl,4.199776411,Inhouse
PFE PKIS-18,CC(C)N1C(=O)Cc2ccc(cc21)Nc1ncc(c(n1)NCc1cccc(c1)Cl)C(F)(F)F,10,Inhouse
TPCA-1,NC(=O)Nc1sc(cc1C(=O)N)-c1ccc(cc1)F,1.517090023,Inhouse
opnMe,COc1cc2nc(nc(c2cc1O[C@H]1CCOC1)N[C@H](C)c1cc(cc(c1)C(F)(F)F)N)C,10,Inhouse
SFK52,CC(C)(C)OC(=O)N1CCC(=CC1)c1ccc2ncc(n2n1)-c1ccc(cc1)S(=O)(=O)C,10,Inhouse
SFK52,COc1ccc(cc1)-c1ccc2ncc(n2n1)-c1ccc(cc1)S(=O)(=O)C,10,Inhouse
SFK52,CC(C)(C)OC(=O)NC1CCN(CC1)C(=O)c1cccc(c1)-c1ccc2ncc(n2n1)-c1ccc(cc1)S(=O)(=O)C,10,Inhouse
SFK52,COc1cccc(c1)-c1ccc2ncc(n2n1)-c1ccc(cc1)S(=O)(=O)C,10,Inhouse
SFK52,COc1ccc(cc1)/C=C/c1ccc2ncc(n2n1)-c1ccc(cc1)S(=O)(=O)C,10,Inhouse
SFK52,CS(=O)(=O)c1ccc(cc1)-c1cnc2ccc(nn12)-c1ccccc1OC(F)(F)F,10,Inhouse
SFK52,Cc1cccc(c1)-c1ccc2ncc(n2n1)-c1ccc(cc1)S(=O)(=O)C,10,Inhouse
SFK52,CS(=O)(=O)c1ccc(cc1)-c1cnc2ccc(nn12)-c1ccncc1,10,Inhouse
SFK52,CS(=O)(=O)Nc1ccc(cc1)-c1ccc2ncc(n2n1)-c1ccc(cc1)S(=O)(=O)C,0.968739182,Inhouse
SFK52,CS(=O)(=O)c1ccc(cc1)-c1cnc2ccc(nn12)-c1ccc(cc1)OC(F)(F)F,10,Inhouse
SFK52,CS(=O)(=O)c1ccc(cc1)-c1cnc2ccc(nn12)-c1ccsc1,5.036237955,Inhouse
SFK52,COc1ccccc1-c1ccc2ncc(n2n1)-c1ccc(cc1)S(=O)(=O)C,10,Inhouse
SFK52,CCOC(=O)c1ccccc1-c1ccc2ncc(n2n1)-c1ccc(cc1)S(=O)(=O)C,10,Inhouse
SFK52,CS(=O)(=O)c1ccc(cc1)-c1cnc2ccc(nn12)-c1cccs1,1.453148785,Inhouse
JN-602,Cn1nc(c2c1-c1nc(ncc1CC2(C)C)N)C(=O)NC1CCCCC1,10,Inhouse
Pyrazolopyrimidine,CC(C)n1nc(c2c(ncnc12)N)-c1cccnc1,3.722009977,Inhouse
Pyrazolopyrimidine,CC(C)n1nc(c2c(ncnc12)N)-c1cnn(c1)C,1.572259784,Inhouse
Pyrazolopyrimidine,CC(C)n1nc(c2c(ncnc12)N)-c1ccncc1,3.811465144,Inhouse
Pyrazolopyrimidine,CC(C)n1nc(c2c(ncnc12)N(C)C)-c1cnn(c1)C,10,Inhouse
JN-602,CNC(=O)c1nn(c-2c1C(C)(C)Cc1cnc(nc12)Nc1cccc(c1)N1CCCCC1)C,0.362420499,Inhouse
JN-602,Cn1nc(c2c1-c1nc(ncc1CC2(C)C)Nc1ccc(cc1)N1CCCCC1)C(=O)N1CCCC1,10,Inhouse
JN-602,Cn1nc(c2c1-c1nc(ncc1CC2(C)C)Nc1ccc(cc1)N1CCCCC1)C(=O)N1CCOCC1,10,Inhouse
JN-602,CNC(=O)c1nn(c-2c1C(C)(C)Cc1cnc(nc12)Nc1ccc(cc1)C)C,0.241054542,Inhouse
JN-602,CNC(=O)c1nn(c-2c1C(C)(C)Cc1cnc(nc12)NCc1ccc(cc1)OC)C,0.240735278,Inhouse
JN-602,Cn1nc(c2c1-c1nc(ncc1CC2(C)C)NC1CCCC1)C(=O)NC1CCCCC1,10,Inhouse
JN-602,Cn1nc(c2c1-c1nc(ncc1CC2(C)C)NCc1ccccc1)C(=O)NC1CCCCC1,10,Inhouse
JN-602,CNC(=O)c1nn(c-2c1C(C)(C)Cc1cnc(nc12)Nc1ccc(cc1)N1CCCCC1)C,0.308042936,Inhouse
JN-602,COc1ccc(cc1)CNc1ncc2c(n1)-c1c(c(nn1C)C(=O)N1CCOCC1)C(C)(C)C2,10,Inhouse
Pyrazolopyrimidine,COc1nc(c2c(nn(c2n1)C(C)C)-c1cccnc1)N,10,Inhouse
BriPyr,Brc1cccc2[nH]c(cc12)C(=O)NCC12CC(CN2Cc2ccccc2)C1,10,Inhouse
PRB 843,C[Si]1(C)CCN(CC1)Cc1cc(n(n1)-c1ccc(cc1)Cl)-c1ccc(cc1)C(F)(F)F,10,Inhouse
PRB558,CN(Cc1c(cccc1C)C)c1nc(cc2ccccc12)-c1ccccn1,10,Inhouse
SFK82,CNC(=O)c1ccc(cc1)-c1n[nH]c2ncc(cc12)-c1cnn(c1)C,0.737896055,Inhouse
MLN0128,Nc1nc2cc(ccc2o1)-c1nn(c2ncnc(c12)N)Cc1ccc(cc1)NC(=O)C=C,1.316771448,Inhouse
ESC245,CCCCOc1cccc(c1-c1csc(c1)C(=O)N)F,10,Inhouse
SFK82,Cn1cc(cn1)-c1n[nH]c2ncc(cc12)-c1ccc(cc1)C(=O)N,1.224284172,Inhouse
SFK52,CS(=O)(=O)c1ccc(cc1)-c1ccn2ncc(c2n1)-c1ccc(cc1)S(=O)(=O)C,10,Inhouse
SFK52,CS(=O)(=O)c1ccc(cc1)-c1ccn2ncc(c2n1)-c1ccc(nc1)S(=O)(=O)C,0.278181091,Inhouse
SFK52,CS(=O)(=O)c1ccc(cc1)-c1ccn2ncc(c2n1)-c1ccncc1,1.543037415,Inhouse
SFK52,CN(C)c1cccc(c1)-c1cnn2ccc(nc12)-c1ccc(cc1)S(=O)(=O)C,10,Inhouse
SFK52,COc1ccccc1-c1cnn2ccc(nc12)-c1ccc(cc1)S(=O)(=O)C,10,Inhouse
SFK52,COc1ccc(cc1)-c1cnn2ccc(nc12)-c1ccc(cc1)S(=O)(=O)C,10,Inhouse
SFK52,CS(=O)(=O)c1cccc(c1)-c1ccn2ncc(c2n1)-c1ccncc1,0.035707829,Inhouse
SFK52,COc1ccc(cc1)-c1cnn2ccc(nc12)-c1cccc(c1)S(=O)(=O)C,0.29320848,Inhouse
SFK52,CC(C)(C)c1ccc(cc1)-c1cnn2ccc(nc12)-c1cccc(c1)S(=O)(=O)C,0.917840511,Inhouse
SFK52,CS(=O)(=O)c1cccc(c1)-c1ccn2ncc(c2n1)-c1ccc(cc1)OC(F)(F)F,10,Inhouse
SFK52,CS(=O)(=O)c1cccc(c1)-c1ccn2ncc(c2n1)-c1ccc(nc1)S(=O)(=O)C,8.446134329,Inhouse
SFK52,CS(=O)(=O)c1cccc(c1)C1CCn2ncc(c2N1)-c1ccncc1,0.004495911,Inhouse
SFK52,COc1ccc(cc1)-c1cnn2c1NC(CC2)c1cccc(c1)S(=O)(=O)C,2.326408207,Inhouse
SFK52,CC(C)(C)c1ccc(cc1)-c1cnn2c1NC(CC2)c1cccc(c1)S(=O)(=O)C,7.813586473,Inhouse
SFK52,COc1ccc(cc1)-c1ccn2ncc(c2c1)-c1ccc(nc1)S(=O)(=O)C,2.214163005,Inhouse
SFK52,COc1ccc(cc1)-c1ccc2ncc(n2c1)-c1ccc(nc1)S(=O)(=O)C,6.91077137,Inhouse
SFK52,COc1cccc(c1)-c1ccc2ncc(n2c1)-c1ccc(nc1)S(=O)(=O)C,10,Inhouse
MLN0128,Nc1nc2cc(ccc2o1)-c1nn(c2ncnc(c12)N)Cc1cccc(c1)NC(=O)C=C,0.257405147,Inhouse
MLN0128,CCC(=O)Nc1ccc(cc1)Cn1nc(c2c(ncnc12)N)-c1ccc2oc(nc2c1)N,1.496554852,Inhouse
MLN0128,Nc1nc2cc(ccc2o1)-c1nn(c2ncnc(c12)N)Cc1cccc(c1)NC(=O)CCl,0.759477466,Inhouse
MLN0128,CCC(=O)Nc1cccc(c1)Cn1nc(c2c(ncnc12)N)-c1ccc2oc(nc2c1)N,10,Inhouse
SFK82,CS(=O)c1ccc(cc1)-c1n[nH]c2ncc(nc12)-c1cn(nc1C)C,4.206484795,Inhouse
SFK82,Cn1cc(cn1)-c1cnc2[nH]nc(c2c1)-c1cccc(c1)C(C)(C)O,0.803946137,Inhouse
MLN0128,Nc1nc2cc(ccc2o1)-c1nn(c2ncnc(c12)N)Cc1ccc(cc1)NC(=O)CCl,1.442224443,Inhouse
PRB558,Cc1cccc(c1C(=O)Nc1nc(nc2ccccc12)-c1ccccn1)C,10,Inhouse
SFK82,Cn1cc(cn1)-c1cnc2[nH]nc(c2c1)-c1nc2cnccc2[nH]1,0.006872046,Inhouse
PRB 843,C[Si]1(C)CCN(CC1)Cc1cc(n(n1)C1CCCCC1)-c1ccc(cc1)Cl,10,Inhouse
PTri,Cc1cc(cc(n1)C)Nc1nc(nn2cccc12)Nc1cc([nH]n1)C,7.311864138,Inhouse
VE-821/2,CC(C)S(=O)(=O)c1ccc(cc1)-c1cnc(c(n1)C(=O)Nc1ccccc1)N,10,Inhouse
VE-821/2,CC(C)S(=O)(=O)c1ccc(cc1)-c1cnc(c(n1)C(=O)Nc1ccccc1C(F)(F)F)N,10,Inhouse
VE-821/2,CC(C)S(=O)(=O)c1ccc(cc1)-c1cnc(c(n1)C(=O)Nc1ccccc1Cl)N,10,Inhouse
VE-821/2,CC(C)S(=O)(=O)c1ccc(cc1)-c1cnc(c(n1)C(=O)NC1CCC(F)(F)CC1)N,10,Inhouse
MLN0128,Nc1nc2cc(ccc2o1)-c1nn(c2ncnc(c12)N)CC1CCN(CC1)C(=O)C=C,1.054774076,Inhouse
MLN0128,CCC(=O)N1CCC(CC1)Cn1nc(c2c(ncnc12)N)-c1ccc2oc(nc2c1)N,2.734988451,Inhouse
MLN0128,Nc1nc2cc(ccc2o1)-c1nn(c2ncnc(c12)N)C1CCN(CC1)C(=O)C=C,0.298234791,Inhouse
MLN0128,Nc1nc2cc(ccc2o1)-c1nn(c2ncnc(c12)N)C1CN(C1)C(=O)C=C,1.534480274,Inhouse
MLN0128,CCC(=O)N1CC(C1)n1nc(c2c(ncnc12)N)-c1ccc2oc(nc2c1)N,0.901765302,Inhouse
SFK82,Cn1cc(cn1)-c1cnc2[nH]nc(c2c1)-c1cc2ccccc2[nH]1,0.191273041,Inhouse
GHPB212,Oc1ccccc1CCNC1CCc2ccc(cc21)F,10,Inhouse
GHPB177,CN(C)CCNC(=O)c1csc(n1)Nc1ccc(c(c1)Cl)Cl,9.370550156,Inhouse
SFK82,Cn1cc(cn1)-c1cnc2[nH]nc(c2c1)-c1cc2ccccc2o1,0.242513485,Inhouse
SFK82,Cn1cc(cn1)-c1cnc2[nH]nc(c2c1)-c1nc2ccccc2[nH]1,0.117086289,Inhouse
SFK82,Cn1cc(cn1)-c1cnc2[nH]nc(c2c1)-c1nc2ncccc2[nH]1,0.596038938,Inhouse
SFK82,Cn1cc(cn1)-c1cnc2[nH]nc(c2c1)-c1cc2cc(ccc2[nH]1)F,0.394254602,Inhouse
VE-821/2,CC(C)S(=O)(=O)c1ccc(cc1)-c1cnc(c(n1)-c1cc(no1)-c1ccccc1C(F)(F)F)N,10,Inhouse
VE-821/2,CC(C)S(=O)(=O)c1ccc(cc1)-c1cnc(c(n1)-c1cc(no1)-c1ccccc1C)N,10,Inhouse
VE-821/2,CNCc1ccccc1-c1cc(on1)-c1nc(cnc1N)-c1ccc(cc1)S(=O)(=O)C(C)C,10,Inhouse
VE-821/2,CC(C)S(=O)(=O)c1ccc(cc1)-c1cnc(c(n1)-c1cc(no1)-c1ccccc1CN(C)C)N,10,Inhouse
PI4K_ImQn,CNC(=O)c1cnc2ccc(cc2c1N[C@H](C)c1ccc(cc1)Cl)-c1cccc(c1)C(=O)NCCN(C)C,10,Inhouse
MLN0128,Nc1nc2cc(ccc2o1)-c1nn(c2ncnc(c12)N)CC1CCCN(C1)C(=O)C=C,1.48680371,Inhouse
MLN0128,Nc1nc2cc(ccc2o1)-c1nn(c2ncnc(c12)N)C1CN(C1)C(=O)CCl,0.566642553,Inhouse
MLN0128,Nc1nc2cc(ccc2o1)-c1nn(c2ncnc(c12)N)C1CCCN(C1)C(=O)C=C,0.792547822,Inhouse
MLN0128,Nc1nc2cc(ccc2o1)-c1nn(c2ncnc(c12)N)C1CCN(C1)C(=O)C=C,0.122509662,Inhouse
PI4K_ImQn,CNC(=O)c1cnc2ccc(cc2c1N[C@H](C)c1ccc(cc1)Cl)-c1ccc(nc1)N,8.919146538,Inhouse
SFK82,Cn1cc(cn1)-c1cnc2[nH]nc(c2c1)-c1nc2ccccc2n1C,10,Inhouse
SFK82,Cn1cc(cn1)-c1cnc2[nH]nc(c2c1)-c1nc2cc(c(cc2[nH]1)F)F,0.469731495,Inhouse
KCGS_937,Nc1ccc(cn1)-c1cncc(c1)C(=O)NCCc1ccc(cc1Cl)Cl,10,Inhouse
PI4K_ImQn,CN(C)CCNC(=O)c1cccc(c1)-c1ccc2ncc3c(c2c1)N(C1CCOCC1)C(=O)N3C,10,Inhouse
PI4K_ImQn,C[C@@H](Nc1c(cnc2ccc(cc12)-c1cccc(c1)C(=O)NCCN(C)C)C(=O)N)c1ccc(cc1)Cl,2.575129986,Inhouse
SFK82,Cn1cc(cn1)-c1cnc2[nH]nc(c2c1)-c1nc2cc(ccc2[nH]1)OC(F)(F)F,0.803165883,Inhouse
MLN0128,Nc1nc2cc(ccc2o1)-c1nn(c2ncnc(c12)N)C1CCCN(C1)C(=O)CCl,0.410923064,Inhouse
MLN0128,Nc1nc2cc(ccc2o1)-c1nn(c2ncnc(c12)N)CC1CCCN(C1)C(=O)CCl,0.959140748,Inhouse
PI4K_ImQn,CN(C)Cc1cc(ccc1O)-c1ccc2ncc3c(c2c1)N(C1CCOCC1)C(=O)N3C,10,Inhouse
PI4K_ImQn,C[C@@H](N1C(=O)Nc2cnc3ccc(cc3c21)-c1cccc(c1)C(=O)NCCN(C)C)c1ccc(cc1)Cl,3.403460979,Inhouse
MLN0128,CC(Cn1nc(c2c(ncnc12)N)-c1ccc2oc(nc2c1)N)NC(=O)C=C,1.617862403,Inhouse
SFK82,COc1cc(ccc1F)NC(=O)c1nc(cnc1N)-c1cn(nc1C)C,10,Inhouse
MLN0128,CC(Cn1nc(c2c(ncnc12)N)-c1ccc(cc1)S(=O)(=O)C)NC(=O)C=C,10,Inhouse
MLN0128,COc1ccc(cc1)-c1nn(c2ncnc(c12)N)CC(C)NC(=O)C=C,0.865119219,Inhouse
MLN0128,CC(Cn1nc(c2c(ncnc12)N)-c1ccc(cc1)C)NC(=O)C=C,10,Inhouse
MLN0128,COc1cccc(c1)-c1nn(c2ncnc(c12)N)CC(C)NC(=O)C=C,10,Inhouse
MLN0128,COc1cc(ccn1)-c1nn(c2ncnc(c12)N)CC(C)NC(=O)C=C,10,Inhouse
MLN0128,CC(Cn1nc(c2c(ncnc12)N)-c1ccc(nc1)N)NC(=O)C=C,10,Inhouse
SFK52,CN(C)c1ccccc1-c1ccc2ncc(n2c1)-c1ccc(cc1)S(=O)(=O)C,10,Inhouse
SFK52,CS(=O)(=O)c1ccc(cc1)-c1cnc2ccc(cn12)-c1ccc(cc1)OC(F)(F)F,10,Inhouse
SFK52,CS(=O)(=O)c1ccc(cc1)-c1cnc2ccc(cn12)-c1cccc(c1)C=O,7.599727767,Inhouse
SFK52,CS(=O)(=O)c1ccc(cc1)-c1ccc2ncc(n2c1)-c1ccc(cc1)S(=O)(=O)C,10,Inhouse
SFK52,Cc1cccc(c1)-c1ccc2ncc(n2c1)-c1ccc(cc1)S(=O)(=O)C,10,Inhouse
SFK52,CS(=O)(=O)c1ccc(cc1)-c1cnn2ccc(cc12)-c1ccsc1,4.283322293,Inhouse
SFK52,CS(=O)(=O)c1ccc(cc1)-c1cnc2ccc(cn12)-c1cccc(c1)F,10,Inhouse
SFK52,CN(C)c1cccc(c1)-c1ccc2ncc(n2c1)-c1ccc(cc1)S(=O)(=O)C,10,Inhouse
SFK52,CS(=O)(=O)c1ccc(cc1)-c1cnc2ccc(cn12)-c1cccs1,7.763374805,Inhouse
SFK52,CC(C)(C)c1ccc(cc1)-c1ccc2ncc(n2c1)-c1ccc(cc1)S(=O)(=O)C,10,Inhouse
SFK52,CS(=O)(=O)c1ccc(cc1)-c1cnc2ccc(cn12)-c1ccsc1,10,Inhouse
SFK52,COc1ccccc1-c1ccc2ncc(n2c1)-c1ccc(cc1)S(=O)(=O)C,10,Inhouse
SFK52,CCOC(=O)c1ccccc1-c1ccc2ncc(n2c1)-c1ccc(cc1)S(=O)(=O)C,10,Inhouse
SFK52,CS(=O)(=O)Nc1ccc(cc1)-c1ccc2ncc(n2c1)-c1ccc(nc1)S(=O)(=O)C,2.136450303,Inhouse
MLN0128,CC(Cn1nc(c2c(ncnc12)N)-c1ccc(cc1)Oc1ccccc1)NC(=O)C=C,0.668162088,Inhouse
MLN0128,CC(Cn1nc(c2c(ncnc12)N)-c1ccc2ocnc2c1)NC(=O)C=C,1.197103005,Inhouse
MLN0128,Nc1ncnc2n(nc(c12)-c1ccc(cc1)Oc1ccccc1)C1CNC1,0.968119504,Inhouse
MLN0128,Nc1ncnc2n(nc(c12)-c1ccc(cc1)Oc1ccccc1)C1CN(C1)C(=O)C(=C)F,0.1261062,Inhouse
MLN0128,Nc1ncnc2n(nc(c12)-c1ccc(cc1)Oc1ccccc1)C1CN(C1)C(=O)C=C,0.209433922,Inhouse
MLN0128,CCC(=O)N1CC(C1)n1nc(c2c(ncnc12)N)-c1ccc(cc1)Oc1ccccc1,0.309815055,Inhouse
MLN0128,Nc1ncnc2n(nc(c12)-c1ccc(cc1)Oc1ccccc1)C1CN(C1)C(=O)CC#N,0.160243197,Inhouse
MLN0128,Nc1ncnc2n(nc(c12)-c1ccc(cc1)Oc1ccccc1)C1CN(C1)C(=O)C#C,0.490140046,Inhouse
KCGS_937,Nc1ccc(cn1)-c1cncc(c1)C(=O)Nc1ccc(nc1)C(F)(F)F,10,Inhouse
MLN0128,CS(=O)(=O)c1ccc(cc1)-c1nn(c2ncnc(c12)N)CC1CCN(CC1)C(=O)C=C,3.046659331,Inhouse
MLN0128,CS(=O)(=O)c1cccc(c1)-c1nn(c2ncnc(c12)N)CC1CCN(CC1)C(=O)C=C,0.988603516,Inhouse
MLN0128,COc1ccc(cc1)-c1nn(c2ncnc(c12)N)CC1CCN(CC1)C(=O)C=C,0.318450874,Inhouse
MLN0128,COc1ccc(cn1)-c1nn(c2ncnc(c12)N)CC1CCN(CC1)C(=O)C=C,1.085602359,Inhouse
MLN0128,CN(C)C(=O)c1ccc(cc1)-c1nn(c2ncnc(c12)N)CC1CCN(CC1)C(=O)C=C,10,Inhouse
MLN0128,Nc1ccc(cn1)-c1nn(c2ncnc(c12)N)CC1CCN(CC1)C(=O)C=C,10,Inhouse
MLN0128,COc1cc(ccn1)-c1nn(c2ncnc(c12)N)CC1CCN(CC1)C(=O)C=C,10,Inhouse
KCGS_937,CN(C)CCNc1ccc(cn1)-c1cncc(c1)C(=O)Nc1ccc(nc1)C(F)(F)F,10,Inhouse
MLN0128,COc1cccc(c1)-c1nn(c2ncnc(c12)N)CC1CCN(CC1)C(=O)C=C,10,Inhouse
MLN0128,Nc1ncnc2n(nc(c12)-c1ccc2ocnc2c1)CC1CCN(CC1)C(=O)C=C,0.752849985,Inhouse
KCGS_937,Nc1ccc(cn1)-c1cnc(c(c1)C(=O)Nc1ccc(nc1)C(F)(F)F)N,10,Inhouse
KCGS_937,CS(=O)(=O)c1ccc(cc1)-c1cncc(c1)C(=O)Nc1ccc(nc1)C(F)(F)F,10,Inhouse
SFK52,NCc1cccc(c1)-c1ccc2ncc(n2n1)-c1ccncc1,0.137,Inhouse
SFK52,NCc1cccc(c1)-c1ccc2ncc(n2n1)-c1ccncc2,0.0555,Inhouse
SFK52,CS(=O)(=O)c1ccc(cn1)-c1cnc2ccc(nn12)-c1cccc(c1)S(=O)(=O)C1CC1,0.00321,Inhouse
SFK40,CS(=O)(=O)c1ccc(cc1)-c1cnc(c(c1)-c1ccc(nc1)C(F)(F)F)N,10,Inhouse
SFK52,CS(=O)(=O)c1ccc(cc1)-c1cnc2ccc(nn12)-c1cccc(c1)S(=O)(=O)C,1.83,Inhouse
SFK52,CS(=O)(=O)c1cccc(c1)-c1ccc2ncc(n2n1)-c1ccc(nc1)S(=O)(=O)C,0.000508,Inhouse
SFK52,CS(=O)(=O)c1cccc(c1)-c1ccc2ncc(n2n1)-c1ccc(nc1)S(=O)(=O)C,0.000508,Inhouse
SFK52,CS(=O)(=O)c1cccc(c1)-c1ccc2ncc(n2n1)-c1ccc(nc1)S(=O)(=O)C,0.00574,Inhouse
SFK52,CS(=O)(=O)c1ccc(cc1)-c1cnc2ccc(nn12)Nc1cccc(c1)S(=O)(=O)C,0.0197,Inhouse
SFK40,Nc1ncc(nc1-c1ccc(cc1)C(F)(F)F)-c1ccc(cc1)C(=O)O,10,Inhouse
Pyrazolopyrimidine,Nc1nc2cc(ccc2o1)-c1nn(c2ncnc(c12)N)Cc1cccc(c1)C(F)(F)F,0.169,Inhouse
Pyrazolopyrimidine,Nc1nc2cc(ccc2o1)-c1nn(c2ncnc(c12)N)Cc1cccc(c1)C(F)(F)F,0.131,Inhouse
Pyrazolopyrimidine,Nc1nc2cc(ccc2o1)-c1nn(c2ncnc(c12)N)Cc1cccc(c1)F,2.7,Inhouse
Pyrazolopyrimidine,Nc1nc2cc(ccc2o1)-c1nn(c2ncnc(c12)N)Cc1cccc(c1)F,3.69,Inhouse
Pyrazolopyrimidine,Nc1nc2cc(ccc2o1)-c1nn(c2ncnc(c12)N)Cc1ccc(c(c1)F)Cl,0.285,Inhouse
Pyrazolopyrimidine,Nc1nc2cc(ccc2o1)-c1nn(c2ncnc(c12)N)Cc1ccc(c(c1)F)Cl,0.153,Inhouse
Pyrazolopyrimidine,Nc1nc2cc(ccc2o1)-c1nn(c2ncnc(c12)N)Cc1ccc(cc1F)F,0.0101,Inhouse
Pyrazolopyrimidine,Nc1nc2cc(ccc2o1)-c1nn(c2ncnc(c12)N)Cc1ccc(cc1F)F,0.0846,Inhouse
Pyrazolopyrimidine,Nc1nc2cc(ccc2o1)-c1nn(c2ncnc(c12)N)Cc1ccc(cc1F)F,0.0415,Inhouse
Pyrazolopyrimidine,Nc1nc2cc(ccc2o1)-c1nn(c2ncnc(c12)N)Cc1cncc(c1)F,0.498,Inhouse
Pyrazolopyrimidine,Nc1nc2cc(ccc2o1)-c1nn(c2ncnc(c12)N)Cc1cncc(c1)F,0.125,Inhouse
KCGS,CCn1cc(c(n1)-c1ccc(cc1)NC(=O)N(C)C)-c1ccnc2[nH]c(cc12)-c1cccc(c1)CN(C)C,1.8,Inhouse
KCGS,CCn1cc(c(n1)-c1ccc(cc1)NC(=O)N(C)C)-c1ccnc2[nH]c(cc12)-c1cccc(c1)CN(C)C,1.59,Inhouse
Lyn-Marie Birkholtz,CCn1cc(c(n1)-c1ccc(cc1)NC(=O)N(C)C)-c1ccnc2[nH]c(cc12)-c1cccc(c1)CN(C)C,1.804,Inhouse
Lyn-Marie Birkholtz,CCn1cc(c(n1)-c1ccc(cc1)NC(=O)N(C)C)-c1ccnc2[nH]c(cc12)-c1cccc(c1)CN(C)C,1.5887,Inhouse
KCGS,COc1ccc(cn1)C1=Cc2c(nc(nc2N([C@H]2CC[C@@H](CC2)OCCO)C1=O)N)C,10,Inhouse
KCGS,COc1ccc(cn1)C1=Cc2c(nc(nc2N([C@H]2CC[C@@H](CC2)OCCO)C1=O)N)C,10,Inhouse
SILK,CN1CCN(CC1)c1cc(ccn1)C(=O)Nc1cc2cc(ccc2cn1)-c1cnn(c1)C,0.603,Inhouse
SILK,CN1CCN(CC1)c1cc(ccn1)C(=O)Nc1cc2cc(ccc2cn1)-c1cnn(c1)C,0.787,Inhouse
SILK,CN1CCN(CC1)C(=O)C(C)(C)c1ccc(cc1)C(=O)Nc1cn2cc(ccc2n1)-c1ccncc1,6.37,Inhouse
SILK,CN1CCN(CC1)C(=O)C(C)(C)c1ccc(cc1)C(=O)Nc1cn2cc(ccc2n1)-c1ccncc2,5.53,Inhouse
opnMe,COc1cc2nc(nc(c2cc1O[C@H]1CCOC1)N[C@H](C)c1cc(cc(c1)C(F)(F)F)N)C,10,Inhouse
,COc1cc2nc(nc(c2cc1O[C@H]1CCOC1)N[C@H](C)c1cc(cc(c1)C(F)(F)F)N)C,10,Inhouse
SFK52,COc1ccc(cc1)-c1ccn2ncc(c2c1)-c1ccc(nc1)S(=O)(=O)C,1.21,Inhouse
,COc1ccc(cc1)-c1ccn2ncc(c2c1)-c1ccc(nc1)S(=O)(=O)C,3.21,Inhouse
SFK52,COc1ccc(cc1)-c1ccc2ncc(n2c1)-c1ccc(nc1)S(=O)(=O)C,6.53,Inhouse
,COc1ccc(cc1)-c1ccc2ncc(n2c1)-c1ccc(nc1)S(=O)(=O)C,7.29,Inhouse
SFK52,COc1cccc(c1)-c1ccc2ncc(n2c1)-c1ccc(nc1)S(=O)(=O)C,10,Inhouse
,COc1cccc(c1)-c1ccc2ncc(n2c1)-c1ccc(nc1)S(=O)(=O)C,10,Inhouse
MLN0128,Nc1nc2cc(ccc2o1)-c1nn(c2ncnc(c12)N)Cc1cccc(c1)NC(=O)C=C,0.157,Inhouse
MLN0128,Nc1nc2cc(ccc2o1)-c1nn(c2ncnc(c12)N)Cc1cccc(c1)NC(=O)C=C,0.358,Inhouse
MLN0128,CCC(=O)Nc1ccc(cc1)Cn1nc(c2c(ncnc12)N)-c1ccc2oc(nc2c1)N,0.994,Inhouse
MLN0128,CCC(=O)Nc1ccc(cc1)Cn1nc(c2c(ncnc12)N)-c1ccc2oc(nc2c1)N,2,Inhouse
MLN0128,Nc1nc2cc(ccc2o1)-c1nn(c2ncnc(c12)N)Cc1cccc(c1)NC(=O)CCl,0.996,Inhouse
MLN0128,Nc1nc2cc(ccc2o1)-c1nn(c2ncnc(c12)N)Cc1cccc(c1)NC(=O)CCl,0.523,Inhouse
MLN0128,Nc1nc2cc(ccc2o1)-c1nn(c2ncnc(c12)N)Cc1ccc(cc1)NC(=O)CCl,1.69,Inhouse
MLN0128,Nc1nc2cc(ccc2o1)-c1nn(c2ncnc(c12)N)Cc1ccc(cc1)NC(=O)CCl,1.19,Inhouse
MMV_DHPC,Cn1cc(cn1)-c1ccc2[nH]c3c(c2c1)-c1cc(ncc1CC3)N,1.8514,Inhouse
MMV_DHPC,Cn1cc(cn1)-c1ccc2[nH]c3c(c2c1)-c1cc(ncc1CC3)N,1.3521,Inhouse
MMV_DHPC,Cn1cc(cn1)-c1ccc2[nH]c3c(c2c1)-c1ncncc1CC3,0.942,Inhouse
MMV_DHPC,Cn1cc(cn1)-c1ccc2[nH]c3c(c2c1)-c1ncncc1CC3,0.5615,Inhouse
MMV_DHPC,Cn1cc(cn1)-c1ccc2[nH]c3c(c2c1)-c1nc(ncc1CC3)N,1.9925,Inhouse
MMV_DHPC,Cn1cc(cn1)-c1ccc2[nH]c3c(c2c1)-c1nc(ncc1CC3)N,1.3908,Inhouse
VE-821/2,CC(C)S(=O)(=O)c1ccc(cc1)-c1cnc(c(n1)C(=O)Nc1ccccc1)N,10,Inhouse
VE-821/2,CC(C)S(=O)(=O)c1ccc(cc1)-c1cnc(c(n1)C(=O)Nc1ccccc1)N,10,Inhouse
VE-821/2,CC(C)S(=O)(=O)c1ccc(cc1)-c1cnc(c(n1)C(=O)Nc1ccccc1C(F)(F)F)N,10,Inhouse
VE-821/2,CC(C)S(=O)(=O)c1ccc(cc1)-c1cnc(c(n1)C(=O)Nc1ccccc1C(F)(F)F)N,10,Inhouse
VE-821/2,CC(C)S(=O)(=O)c1ccc(cc1)-c1cnc(c(n1)C(=O)Nc1ccccc1Cl)N,10,Inhouse
VE-821/2,CC(C)S(=O)(=O)c1ccc(cc1)-c1cnc(c(n1)C(=O)Nc1ccccc1Cl)N,10,Inhouse
VE-821/2,CC(C)S(=O)(=O)c1ccc(cc1)-c1cnc(c(n1)C(=O)NC1CCC(F)(F)CC1)N,10,Inhouse
VE-821/2,CC(C)S(=O)(=O)c1ccc(cc1)-c1cnc(c(n1)C(=O)NC1CCC(F)(F)CC1)N,10,Inhouse
MLN0128,Nc1nc2cc(ccc2o1)-c1nn(c2ncnc(c12)N)CC1CCN(CC1)C(=O)C=C,1.12,Inhouse
MLN0128,Nc1nc2cc(ccc2o1)-c1nn(c2ncnc(c12)N)CC1CCN(CC1)C(=O)C=C,0.987,Inhouse
MLN0128,CCC(=O)N1CCC(CC1)Cn1nc(c2c(ncnc12)N)-c1ccc2oc(nc2c1)N,3.04,Inhouse
MLN0128,CCC(=O)N1CCC(CC1)Cn1nc(c2c(ncnc12)N)-c1ccc2oc(nc2c1)N,2.6,Inhouse
MLN0128,CCC(=O)N1CCC(CC1)Cn1nc(c2c(ncnc12)N)-c1ccc2oc(nc2c1)N,2.78,Inhouse
MLN0128,CCC(=O)N1CCC(CC1)Cn1nc(c2c(ncnc12)N)-c1ccc2oc(nc2c1)N,2.52,Inhouse
MLN0128,Nc1nc2cc(ccc2o1)-c1nn(c2ncnc(c12)N)C1CCN(CC1)C(=O)C=C,0.315,Inhouse
MLN0128,Nc1nc2cc(ccc2o1)-c1nn(c2ncnc(c12)N)C1CCN(CC1)C(=O)C=C,0.281,Inhouse
MLN0128,Nc1nc2cc(ccc2o1)-c1nn(c2ncnc(c12)N)C1CN(C1)C(=O)C=C,1.63,Inhouse
MLN0128,Nc1nc2cc(ccc2o1)-c1nn(c2ncnc(c12)N)C1CN(C1)C(=O)C=C,1.26,Inhouse
MLN0128,Nc1nc2cc(ccc2o1)-c1nn(c2ncnc(c12)N)C1CN(C1)C(=O)C=C,1.61,Inhouse
MLN0128,Nc1nc2cc(ccc2o1)-c1nn(c2ncnc(c12)N)C1CN(C1)C(=O)C=C,1.64,Inhouse
MLN0128,CCC(=O)N1CC(C1)n1nc(c2c(ncnc12)N)-c1ccc2oc(nc2c1)N,1.15,Inhouse
MLN0128,CCC(=O)N1CC(C1)n1nc(c2c(ncnc12)N)-c1ccc2oc(nc2c1)N,0.8,Inhouse
MLN0128,CCC(=O)N1CC(C1)n1nc(c2c(ncnc12)N)-c1ccc2oc(nc2c1)N,0.882,Inhouse
MLN0128,CCC(=O)N1CC(C1)n1nc(c2c(ncnc12)N)-c1ccc2oc(nc2c1)N,0.776,Inhouse
Carolina Horta Andrade,CC(=O)c1cccc(c1)Nc1nc(c2ccccc2n1)NCCCO,6.1628,Inhouse
Carolina Horta Andrade,CC(=O)c1cccc(c1)Nc1nc(c2ccccc2n1)NCCCO,7.6052,Inhouse
Carolina Horta Andrade,CC(=O)Nc1ccc(cc1)Nc1nc(c2ccccc2n1)NCCCO,10,Inhouse
Carolina Horta Andrade,CC(=O)Nc1ccc(cc1)Nc1nc(c2ccccc2n1)NCCCO,10,Inhouse
Carolina Horta Andrade,CC(=O)Nc1ccc(cc1)Nc1nc(c2ccccc2n1)NCCO,10,Inhouse
Carolina Horta Andrade,CC(=O)Nc1ccc(cc1)Nc1nc(c2ccccc2n1)NCCO,10,Inhouse
Carolina Horta Andrade,CC(=O)c1ccc(cc1)Nc1nc(c2ccccc2n1)NCCCO,10,Inhouse
Carolina Horta Andrade,CC(=O)c1ccc(cc1)Nc1nc(c2ccccc2n1)NCCCO,10,Inhouse
Carolina Horta Andrade,CC(=O)Nc1cccc(c1)Nc1nc(c2ccccc2n1)NCCO,10,Inhouse
Carolina Horta Andrade,CC(=O)Nc1cccc(c1)Nc1nc(c2ccccc2n1)NCCO,10,Inhouse
Carolina Horta Andrade,CC(=O)Nc1cccc(c1)Nc1nc(c2ccccc2n1)NCCO,10,Inhouse
Carolina Horta Andrade,NC(=O)c1ccc(cc1)Nc1nc(c2ccccc2n1)NCCCO,10,Inhouse
Carolina Horta Andrade,NC(=O)c1ccc(cc1)Nc1nc(c2ccccc2n1)NCCCO,10,Inhouse
Carolina Horta Andrade,NC(=O)c1ccc(cc1)Nc1nc(c2ccccc2n1)NCCO,10,Inhouse
Carolina Horta Andrade,NC(=O)c1ccc(cc1)Nc1nc(c2ccccc2n1)NCCO,10,Inhouse
Carolina Horta Andrade,OCCCNc1nc(nc2ccccc12)Nc1ccc(cc1)C(=O)O,10,Inhouse
Carolina Horta Andrade,OCCCNc1nc(nc2ccccc12)Nc1ccc(cc1)C(=O)O,10,Inhouse
Carolina Horta Andrade,CC(=O)Nc1cccc(c1)Nc1nc(c2ccccc2n1)NCCCO,10,Inhouse
Carolina Horta Andrade,CC(=O)Nc1cccc(c1)Nc1nc(c2ccccc2n1)NCCCO,10,Inhouse
Carolina Horta Andrade,CCNc1nc(cc(n1)Nc1ccc(cc1)NC(=O)Nc1cc(cc(c1)C)C)C,10,Inhouse
Carolina Horta Andrade,CCNc1nc(cc(n1)Nc1ccc(cc1)NC(=O)Nc1cc(cc(c1)C)C)C,10,Inhouse
Carolina Horta Andrade,CCNc1nc(cc(n1)Nc1ccc(cc1)NC(=O)Nc1ccccc1)C,10,Inhouse
Carolina Horta Andrade,CCNc1nc(cc(n1)Nc1ccc(cc1)NC(=O)Nc1ccccc1)C,10,Inhouse
Carolina Horta Andrade,CC(=O)Nc1ccc(cc1)Nc1cc(nc(n1)NC1CCCCC1)C,10,Inhouse
Carolina Horta Andrade,CC(=O)Nc1ccc(cc1)Nc1cc(nc(n1)NC1CCCCC1)C,10,Inhouse
Carolina Horta Andrade,CCNc1nc(cc(n1)Nc1ccc(cc1)NC(=O)Nc1ccc(cc1)C)C,10,Inhouse
Carolina Horta Andrade,CCNc1nc(cc(n1)Nc1ccc(cc1)NC(=O)Nc1ccc(cc1)C)C,10,Inhouse
Carolina Horta Andrade,CCNc1nc(cc(n1)Nc1ccc(cc1)NC(=O)Nc1cccc(c1)CC)C,10,Inhouse
Carolina Horta Andrade,CCNc1nc(cc(n1)Nc1ccc(cc1)NC(=O)Nc1cccc(c1)CC)C,10,Inhouse
Lyn-Marie Birkholtz,O=C(NC1CC1)Nc1cn[nH]c1-c1nc2ccc(cc2[nH]1)CN1CCOCC1,8.5417,Inhouse
Lyn-Marie Birkholtz,O=C(NC1CC1)Nc1cn[nH]c1-c1nc2ccc(cc2[nH]1)CN1CCOCC1,10,Inhouse
Lyn-Marie Birkholtz,CCN1CCN(CC1)C(=O)Cc1ccc(cc1)Nc1ncc(c(n1)Nc1ccc(cc1)C(=O)Nc1ccccc1Cl)F,1.5175,Inhouse
Lyn-Marie Birkholtz,CCN1CCN(CC1)C(=O)Cc1ccc(cc1)Nc1ncc(c(n1)Nc1ccc(cc1)C(=O)Nc1ccccc1Cl)F,1.9462,Inhouse
Lyn-Marie Birkholtz,FC(F)(F)c1cccc(c1)Nc1ccnc(n1)Nc1cccc(c1)NC(=O)C1CC1,2.6339,Inhouse
Lyn-Marie Birkholtz,FC(F)(F)c1cccc(c1)Nc1ccnc(n1)Nc1cccc(c1)NC(=O)C1CC1,2.7287,Inhouse
Lyn-Marie Birkholtz,CCN(CCO)CCCOc1ccc2c(ncnc2c1)Nc1cc(n[nH]1)CC(=O)Nc1cccc(c1)F,10,Inhouse
Lyn-Marie Birkholtz,CCN(CCO)CCCOc1ccc2c(ncnc2c1)Nc1cc(n[nH]1)CC(=O)Nc1cccc(c1)F,10,Inhouse
Lyn-Marie Birkholtz,COc1cc2c(ncnc2cc1OCCCN1CCOCC1)Nc1ccc(cc1)NC(=O)c1ccccc1,10,Inhouse
Lyn-Marie Birkholtz,COc1cc2c(ncnc2cc1OCCCN1CCOCC1)Nc1ccc(cc1)NC(=O)c1ccccc1,10,Inhouse
Diaz,CN(CC1)CCC1C2=CC(C3=CC=NC=C3)=C(C4=CC=C(F)C=C4)N2,0.0035,literature 
