smiles,activity
CNS(=O)(=O)c1ccc(cc1)-c1cnc2ccc(nn12)-c1cccc(c1)S(=O)(=O)C,0.0577
CNS(=O)(=O)c1ccc(cc1)-c1cnc2ccc(nn12)-c1cccc(c1)S(=O)(=O)C,0.0957
CC(=O)c1ccc(cc1)-c1cnc2ccc(nn12)-c1cccc(c1)S(=O)(=O)C,0.137
CC(=O)c1ccc(cc1)-c1cnc2ccc(nn12)-c1cccc(c1)S(=O)(=O)C,0.163
Cc1ccc(cc1)-c1cnc2ccc(nn12)-c1cccc(c1)S(=O)(=O)C,30
Cc1ccc(cc1)-c1cnc2ccc(nn12)-c1cccc(c1)S(=O)(=O)C,30
CS(=O)(=O)c1cccc(c1)-c1ccc2ncc(n2n1)-c1ccc(cc1)C(=O)NC1CC1,1.68
CS(=O)(=O)c1cccc(c1)-c1ccc2ncc(n2n1)-c1ccc(cc1)C(=O)NC1CC1,1.13
CS(=O)(=O)c1cccc(c1)-c1ccc2ncc(n2n1)-c1ccc(cc1)C(=O)NC1CC1,0.62
CS(=O)(=O)c1cccc(c1)-c1ccc2ncc(n2n1)-c1ccc(cc1)C(=O)NC1CC1,0.489
CS(=O)(=O)c1cccc(c1)-c1ccc2ncc(n2n1)-c1ccc(cc1)S(=O)(=O)N,10
CS(=O)(=O)c1cccc(c1)-c1ccc2ncc(n2n1)-c1ccc(cc1)S(=O)(=O)N,0.662
CS(=O)(=O)c1cccc(c1)-c1ccc2ncc(n2n1)-c1ccc(cc1)S(=O)(=O)N,3.34
CS(=O)(=O)c1cccc(c1)-c1ccc2ncc(n2n1)-c1ccc(cc1)S(=O)(=O)N,4.9
CS(=O)(=O)c1cccc(c1)-c1ccc2ncc(n2n1)-c1ccc(cc1)S(=O)(=O)N,1.54
CS(=O)(=O)c1cccc(c1)-c1ccc2ncc(n2n1)-c1ccc(cc1)S(=O)(=O)N,0.576
CN1CCN(CC1)C(=O)c1cccc(c1)-c1ccc2ncc(n2n1)-c1ccc(cc1)S(=O)(=O)C,0.215
CN1CCN(CC1)C(=O)c1cccc(c1)-c1ccc2ncc(n2n1)-c1ccc(cc1)S(=O)(=O)C,0.369
CS(=O)(=O)c1ccc(cc1)-c1cnc2ccc(nn12)-c1cccc(c1)S(=O)(=O)NC1CC1,0.0151
CS(=O)(=O)c1ccc(cc1)-c1cnc2ccc(nn12)-c1cccc(c1)S(=O)(=O)NC1CC1,0.0171
CS(=O)(=O)c1ccc(cc1)-c1cnc2ccc(nn12)-c1cccc(c1)NS(=O)(=O)C1CC1,10
CS(=O)(=O)c1ccc(cc1)-c1cnc2ccc(nn12)-c1cccc(c1)NS(=O)(=O)C1CC1,10
CS(=O)(=O)c1ccc(cc1)-c1cnc2ccc(nn12)-c1cccc(c1)C(=O)N1CCNCC1,6.05
CS(=O)(=O)c1ccc(cc1)-c1cnc2ccc(nn12)-c1cccc(c1)C(=O)N1CCNCC1,0.0436
CS(=O)(=O)c1ccc(cc1)-c1cnc2ccc(nn12)-c1cccc(c1)C(=O)N1CCNCC1,0.0971
CS(=O)(=O)c1ccc(cc1)-c1cnc2ccc(nn12)-c1cccc(c1)C(=O)N1CCNCC1,0.0653
CS(=O)(=O)c1ccc(cc1)-c1cnc2ccc(nn12)-c1cccc(c1)C(=O)N1CCCCC1,0.528
CS(=O)(=O)c1ccc(cc1)-c1cnc2ccc(nn12)-c1cccc(c1)C(=O)N1CCCCC1,0.336
CS(=O)(=O)c1ccc(cc1)-c1nnc2ccc(cn12)-c1cccc(c1)S(=O)(=O)NC1CC1,30
CS(=O)(=O)c1ccc(cc1)-c1nnc2ccc(cn12)-c1cccc(c1)S(=O)(=O)NC1CC1,30
COc1ccc(cc1OC)-c1cnc2ccc(nn12)-c1cccnc1,0.577
COc1ccc(cc1OC)-c1cnc2ccc(nn12)-c1cccnc1,0.0584
COc1ccc(cc1OC)-c1cnc2ccc(nn12)-c1cccnc1,0.792
CS(=O)(=O)c1cccc(c1)-c1ccc2ncc(n2n1)-c1ccncc1,0.0054
CS(=O)(=O)c1cccc(c1)-c1ccc2ncc(n2n1)-c1ccncc1,0.241
CS(=O)(=O)c1cccc(c1)-c1ccc2ncc(n2n1)-c1ccncc1,0.167
CS(=O)(=O)c1ccc(cc1)-c1cnc2ccc(nn12)-c1cccc(c1)C(=O)NCCO,0.19
CS(=O)(=O)c1ccc(cc1)-c1cnc2ccc(nn12)-c1cccc(c1)C(=O)NCCO,0.225
NCc1cccc(c1)-c1ccc2ncc(n2n1)-c1ccncc1,0.0435
NCc1cccc(c1)-c1ccc2ncc(n2n1)-c1ccncc1,0.042
NCc1cccc(c1)-c1ccc2ncc(n2n1)-c1ccncc1,0.0426
CS(=O)(=O)c1cccc(c1)-c1ccc2ncc(n2n1)-c1ccc(cc1)C(=O)N,0.0562
CS(=O)(=O)c1cccc(c1)-c1ccc2ncc(n2n1)-c1ccc(cc1)C(=O)N,0.116
CS(=O)(=O)c1ccc(cn1)-c1cnc2ccc(nn12)-c1cccc(c1)S(=O)(=O)C1CC1,0.00831
CS(=O)(=O)c1ccc(cn1)-c1cnc2ccc(nn12)-c1cccc(c1)S(=O)(=O)C1CC1,0.00757
CS(=O)(=O)c1ccc(cn1)-c1cnc2ccc(nn12)-c1cccc(c1)S(=O)(=O)C1CC1,0.000508
CS(=O)(=O)c1ccc(cc1)-c1cnn2ccc(nc12)-c1cccc(c1)S(=O)(=O)C1CC1,0.0667
CS(=O)(=O)c1ccc(cc1)-c1cnn2ccc(nc12)-c1cccc(c1)S(=O)(=O)C1CC1,0.00343
CS(=O)(=O)c1ccc(cc1)-c1cnn2ccc(nc12)-c1cccc(c1)S(=O)(=O)C1CC1,0.0213
CS(=O)(=O)c1ccc(cc1)-c1cnc2ccc(nn12)-c1cncc(c1)N,1.27
CS(=O)(=O)c1ccc(cc1)-c1cnc2ccc(nn12)-c1cncc(c1)N,0.661
CS(=O)(=O)c1ccc(cc1)-c1cnc2ccc(nn12)-c1cncc(c1)N,0.689
CS(=O)(=O)c1ccc(cc1)-c1cnn2ccc(cc12)-c1cccc(c1)S(=O)(=O)C,0.825
CS(=O)(=O)c1ccc(cc1)-c1cnn2ccc(cc12)-c1cccc(c1)S(=O)(=O)C,1.5
CS(=O)(=O)c1ccc(cc1)-c1cnc(c(c1)-c1ccc(nc1)C(F)(F)F)N,10
Nc1ncc(nc1-c1ccc(cc1)C(F)(F)F)-c1ccc(cc1)C(=O)N1CCNCC1,10
Nc1ncc(nc1-c1ccc(cc1)C(F)(F)F)-c1ccc(cc1)C(=O)N1CCNCC1,10
CS(=O)(=O)c1ccc(cc1)-c1cnc2ccc(nn12)-c1cccc(c1)S(=O)(=O)C,0.119
CS(=O)(=O)c1ccc(cc1)-c1cnc2ccc(nn12)-c1cccc(c1)S(=O)(=O)C,1.76
CS(=O)(=O)c1ccc(cc1)-c1cnc2ccc(nn12)-c1cccc(c1)S(=O)(=O)C,1.47
CS(=O)(=O)c1ccc(cc1)-c1cnc2ccc(nn12)-c1cccc(c1)S(=O)(=O)C,1.91
CS(=O)(=O)Nc1cccc(c1)-c1cnc2ccc(nn12)-c1cccc(c1)S(=O)(=O)C,0.331
CS(=O)(=O)Nc1cccc(c1)-c1cnc2ccc(nn12)-c1cccc(c1)S(=O)(=O)C,0.401
CS(=O)(=O)c1ccc(cc1)-c1cnc2ccc(nn12)-c1cccc(c1)C(=O)N,0.346
CS(=O)(=O)c1ccc(cc1)-c1cnc2ccc(nn12)-c1cccc(c1)C(=O)N,0.482
CS(=O)(=O)c1ccc(cc1)-c1cnc2ccc(nn12)-c1cccc(c1)C(F)(F)F,3.58
CS(=O)(=O)c1ccc(cc1)-c1cnc2ccc(nn12)-c1cccc(c1)C(F)(F)F,4.4
CS(=O)(=O)c1ccc(cc1)-c1cnc2ccc(nn12)-c1cccc(c1)C(F)(F)F,2.02
CS(=O)(=O)c1ccc(cc1)-c1cnc2ccc(nn12)-c1cccc(c1)S(=O)(=O)N,0.0895
CS(=O)(=O)c1ccc(cc1)-c1cnc2ccc(nn12)-c1cccc(c1)S(=O)(=O)N,0.114
CS(=O)(=O)c1cccc(c1)-c1ccc2ncc(n2n1)-c1cccc(c1)S(=O)(=O)C,0.0902
CS(=O)(=O)c1cccc(c1)-c1ccc2ncc(n2n1)-c1cccc(c1)S(=O)(=O)C,0.111
CS(=O)(=O)c1cccc(c1)-c1ccc2ncc(n2n1)-c1ccc(cc1)-c1nn[nH]n1,0.807
CS(=O)(=O)c1cccc(c1)-c1ccc2ncc(n2n1)-c1ccc(cc1)-c1nn[nH]n1,0.611
CS(=O)(=O)c1ccc(cc1)-c1cnc2ccc(nn12)-c1cccc(c1)S(=O)(=O)C1CC1,0.355
CS(=O)(=O)c1ccc(cc1)-c1cnc2ccc(nn12)-c1cccc(c1)S(=O)(=O)C1CC1,0.272
CS(=O)(=O)c1ccc(cc1)-c1cnc2ccc(nn12)-c1cccc(c1)S(=O)(=O)N1CCCC1,0.045
CS(=O)(=O)c1ccc(cc1)-c1cnc2ccc(nn12)-c1cccc(c1)S(=O)(=O)N1CCCC1,0.0601
CS(=O)(=O)c1ccc(cc1)-c1cnc2ccc(nn12)-c1cncc(c1)S(=O)(=O)C,30
CS(=O)(=O)c1cccc(c1)-c1ccc2ncc(n2n1)-c1ccc(nc1)S(=O)(=O)C,0.00645
CS(=O)(=O)c1cccc(c1)-c1ccc2ncc(n2n1)-c1ccc(nc1)S(=O)(=O)C,0.00664
CS(=O)(=O)c1cccc(c1)-c1ccc2ncc(n2n1)-c1ccc(cc1)S(=O)(=O)N1CCC1,0.116
CS(=O)(=O)c1cccc(c1)-c1ccc2ncc(n2n1)-c1ccc(cc1)S(=O)(=O)N1CCC1,0.377
CS(=O)(=O)c1cccc(c1)-c1ccc2ncc(n2n1)-c1ccc(cc1)S(=O)(=O)N1CCC1,3.77
CS(=O)(=O)c1cccc(c1)-c1ccc2ncc(n2n1)-c1ccc(cc1)S(=O)(=O)N1CCC1,0.226
CS(=O)(=O)c1cccc(c1)-c1ccc2ncc(n2n1)-c1ccc(cc1)S(=O)(=O)N1CCC1,1.6
CS(=O)(=O)c1cccc(c1)-c1ccc2ncc(n2n1)-c1ccc(cc1)S(=O)(=O)N1CCC1,2.9
CS(=O)(=O)c1cccc(c1)-c1ccc2ncc(n2n1)-c1ccc(cc1)S(=O)(=O)N1CCC1,1.75
CS(=O)(=O)c1cccc(c1)-c1ccc2ncc(n2n1)-c1ccc(cc1)S(=O)(=O)N1CCC1,0.835
CS(=O)(=O)c1cccc(c1)-c1ccc2ncc(n2n1)-c1ccc(cc1)S(=O)(=O)NCCO,0.491
CS(=O)(=O)c1cccc(c1)-c1ccc2ncc(n2n1)-c1ccc(cc1)S(=O)(=O)NCCO,1.2
CS(=O)(=O)c1cccc(c1)-c1ccc2ncc(n2n1)-c1ccc(cc1)S(=O)(=O)NCCO,0.807
CS(=O)(=O)c1cccc(c1)-c1ccc2ncc(n2n1)-c1ccc(cc1)S(=O)(=O)NCCO,1.84
CS(=O)(=O)c1cccc(c1)-c1ccc2ncc(n2n1)-c1ccc(cc1)S(=O)(=O)NCCO,5.06
CS(=O)(=O)c1cccc(c1)-c1ccc2ncc(n2n1)-c1ccc(cc1)S(=O)(=O)NCCO,4.2
Cn1cnc2cc(ccc12)-c1cnc2ccc(nn12)-c1cccc(c1)S(=O)(=O)C,0.87
Cn1cnc2cc(ccc12)-c1cnc2ccc(nn12)-c1cccc(c1)S(=O)(=O)C,1.1
Cn1ncc2cc(ccc12)-c1cnc2ccc(nn12)-c1cccc(c1)S(=O)(=O)C,0.0367
Cn1ncc2cc(ccc12)-c1cnc2ccc(nn12)-c1cccc(c1)S(=O)(=O)C,0.0274
CS(=O)c1ccc(cc1)-c1cnc2ccc(nn12)-c1cccc(c1)S(=O)C,2.33
CS(=O)c1ccc(cc1)-c1cnc2ccc(nn12)-c1cccc(c1)S(=O)C,4.09
CS(=O)(=O)c1ccc(cc1)-c1cnc2ccc(nn12)Nc1cccc(c1)S(=O)(=O)C,0.59
CS(=O)(=O)c1ccc(cc1)-c1cnc2ccc(nn12)Nc1cccc(c1)S(=O)(=O)C,0.0301
CS(=O)(=O)c1ccc(cc1)-c1cnc2ccc(nn12)Nc1cccc(c1)S(=O)(=O)C,0.0228
CS(=O)(=O)c1ccc(cc1)-c1cnc2ccc(nn12)Nc1cccc(c1)S(=O)(=O)C,0.0114
CS(=O)c1ccc(cc1)-c1cnc2ccc(nn12)-c1cccc(c1)S(=O)(=O)C1CC1,0.641
CS(=O)c1ccc(cc1)-c1cnc2ccc(nn12)-c1cccc(c1)S(=O)(=O)C1CC1,0.629
CS(=O)c1ccc(cc1)-c1cnc2ccc(nn12)-c1cccc(c1)S(=O)(=O)C1CC1,0.297
CS(=O)(=O)c1cccc(c1)-c1ccc2ncc(n2n1)-c1ccc(cc1)C(=O)O,0.457
CS(=O)(=O)c1cccc(c1)-c1ccc2ncc(n2n1)-c1ccc(cc1)C(=O)O,0.378
CS(=O)(=O)c1ccc(cc1)-c1cnc2ccc(nn12)-c1cccc(c1)S(=O)(=O)CCCN,1.3
CS(=O)(=O)c1ccc(cc1)-c1cnc2ccc(nn12)-c1cccc(c1)S(=O)(=O)CCCN,0.000509
CS(=O)(=O)c1ccc(cc1)-c1cnc2ccc(nn12)-c1cccc(c1)S(=O)(=O)CCCN,0.00785
CS(=O)(=O)c1ccc(cc1)-c1cnc2ccc(nn12)-c1cccc(c1)C(=O)N1CCC(O)CC1,0.145
CS(=O)(=O)c1ccc(cc1)-c1cnc2ccc(nn12)-c1cccc(c1)C(=O)N1CCC(O)CC1,0.22
CS(=O)(=O)c1ccc(cc1)-c1cnn2ccc(nc12)-c1cccc(c1)C(=O)N1CC(O)C1,0.358
CS(=O)(=O)c1ccc(cc1)-c1cnn2ccc(nc12)-c1cccc(c1)C(=O)N1CC(O)C1,0.129
CS(=O)(=O)c1ccc(cc1)-c1cnn2ccc(nc12)-c1cccc(c1)C(=O)N1CC(O)C1,0.148
CS(=O)(=O)c1ccc(cc1)-c1cnc2ccc(nn12)N,1.96
CS(=O)(=O)c1ccc(cc1)-c1cnc2ccc(nn12)N,0.917
Nc1ncc(nc1-c1ccc(cc1)C(F)(F)F)-c1ccc(cc1)C(=O)O,10
CS(=O)(=O)c1ccc(cc1)-c1cnn2ccc(cc12)-c1cccc(c1)S(=O)(=O)C1CC1,3.74
CS(=O)(=O)c1ccc(cc1)-c1cnn2ccc(cc12)-c1cccc(c1)S(=O)(=O)C1CC1,2.51
CS(=O)c1ccc(cc1)-c1cnn2ccc(cc12)-c1cccc(c1)S(=O)(=O)C1CC1,1.43
CS(=O)c1ccc(cc1)-c1cnn2ccc(cc12)-c1cccc(c1)S(=O)(=O)C1CC1,2.08
CS(=O)c1ccc(cc1)-c1cnn2ccc(cc12)-c1cccc(c1)S(=O)(=O)C1CC1,0.706
CS(=O)c1ccc(cc1)-c1cnc2ccc(nn12)-c1cccc(c1)C(=O)N1CCNCC1,2.29
CS(=O)c1ccc(cc1)-c1cnc2ccc(nn12)-c1cccc(c1)C(=O)N1CCNCC1,1.17
CS(=O)c1ccc(cc1)-c1cnc2ccc(nn12)-c1cccc(c1)C(=O)N1CCC(O)CC1,2.18
CS(=O)c1ccc(cc1)-c1cnc2ccc(nn12)-c1cccc(c1)C(=O)N1CCC(O)CC1,2.3
CC(C)n1nc(c2c(ncnc12)N)-c1ccc2oc(nc2c1)N,0.022
CC(C)n1nc(c2c(ncnc12)N)-c1ccc2oc(nc2c1)N,0.018
CC(C)n1nc(c2c(ncnc12)N)-c1ccc2oc(nc2c1)N,0.333
CC(C)n1nc(c2c(ncnc12)N)-c1ccc2oc(nc2c1)N,0.0526
CC(C)n1nc(c2c(ncnc12)N)-c1ccc2oc(nc2c1)N,0.0314
CC(C)n1nc(c2c(ncnc12)N)-c1ccc2oc(nc2c1)N,0.0362
CC(C)n1nc(c2c(ncnc12)N)-c1ccc2oc(nc2c1)N,0.0238
CC(C)n1nc(c2c(ncnc12)N)-c1ccc2oc(nc2c1)N,0.00679
CC(C)n1nc(c2c(ncnc12)N)-c1ccc2oc(nc2c1)N,0.0119
CC(C)n1nc(c2c(ncnc12)N)-c1ccc2oc(nc2c1)N,0.0145
CC(C)n1nc(c2c(ncnc12)N)-c1ccc2oc(nc2c1)N,0.0217
CC(C)n1nc(c2c(ncnc12)N)-c1ccc2oc(nc2c1)N,0.00603
CC(C)n1nc(c2c(ncnc12)N)-c1ccc2oc(nc2c1)N,0.017
CC(C)n1nc(c2c(ncnc12)N)-c1ccc2oc(nc2c1)N,0.0124
CC(C)n1nc(c2c(ncnc12)N)-c1ccc2oc(nc2c1)N,0.0493
CC(C)n1nc(c2c(ncnc12)N)-c1ccc2oc(nc2c1)N,0.0455
CC(C)n1nc(c2c(ncnc12)N)-c1ccc2oc(nc2c1)N,0.00186
CC(C)n1nc(c2c(ncnc12)N)-c1ccc2oc(nc2c1)N,0.00854
CC(C)n1nc(c2c(ncnc12)N)-c1ccc2oc(nc2c1)N,0.0164
CC(C)n1nc(c2c(ncnc12)N)-c1ccc2oc(nc2c1)N,0.0243
CC(C)n1nc(c2c(ncnc12)N)-c1ccc2oc(nc2c1)N,0.000508
CC(C)n1nc(c2c(ncnc12)N)-c1ccc2oc(nc2c1)N,0.0214
CC(C)n1nc(c2c(ncnc12)N)-c1ccc2oc(nc2c1)N,0.00141
CS(=O)c1ccc(cc1)-c1cnc2ccc(nn12)-c1cccc(c1)C(=O)N1CCCCC1,2.06
CS(=O)c1ccc(cc1)-c1cnc2ccc(nn12)-c1cccc(c1)C(=O)N1CCCCC1,0.964
Nc1nc2cc(ccc2o1)-c1nn(c2ncnc(c12)N)Cc1ccc(cc1)Cl,10
Nc1nc2cc(ccc2o1)-c1nn(c2ncnc(c12)N)Cc1ccc(cc1)Cl,0.377
Nc1nc2cc(ccc2o1)-c1nn(c2ncnc(c12)N)Cc1ccc(cc1)Cl,10
Nc1nc2cc(ccc2o1)-c1nn(c2ncnc(c12)N)Cc1ccc(cc1)Cl,10
Nc1nc2cc(ccc2o1)-c1nn(c2ncnc(c12)N)Cc1cccc(c1)Cl,2
Nc1nc2cc(ccc2o1)-c1nn(c2ncnc(c12)N)Cc1cccc(c1)Cl,3.2
Nc1nc2cc(ccc2o1)-c1nn(c2ncnc(c12)N)Cc1ccc(cc1)F,2
Nc1nc2cc(ccc2o1)-c1nn(c2ncnc(c12)N)Cc1ccc(cc1)F,1.6
Cc1cccc(c1)Cn1nc(c2c(ncnc12)N)-c1ccc2oc(nc2c1)N,0.56
Cc1cccc(c1)Cn1nc(c2c(ncnc12)N)-c1ccc2oc(nc2c1)N,0.7
Cc1ccc(cc1)Cn1nc(c2c(ncnc12)N)-c1ccc2oc(nc2c1)N,10
Cc1ccc(cc1)Cn1nc(c2c(ncnc12)N)-c1ccc2oc(nc2c1)N,10
Nc1nc2cc(ccc2o1)-c1nn(c2ncnc(c12)N)Cc1ccccc1,0.67
Nc1nc2cc(ccc2o1)-c1nn(c2ncnc(c12)N)Cc1ccccc1,0.37
Nc1nc2cc(ccc2o1)-c1nn(c2ncnc(c12)N)Cc1ccncc1,0.72
Nc1nc2cc(ccc2o1)-c1nn(c2ncnc(c12)N)Cc1ccncc1,0.25
Nc1nc2cc(ccc2o1)-c1nn(c2ncnc(c12)N)Cc1cccnc1,0.35
Nc1nc2cc(ccc2o1)-c1nn(c2ncnc(c12)N)Cc1cccnc1,0.35
NC(=O)c1ccc(cc1)Cn1nc(c2c(ncnc12)N)-c1ccc2oc(nc2c1)N,1.23
NC(=O)c1ccc(cc1)Cn1nc(c2c(ncnc12)N)-c1ccc2oc(nc2c1)N,0.334
NC(=O)c1ccc(cc1)Cn1nc(c2c(ncnc12)N)-c1ccc2oc(nc2c1)N,2.07
NC(=O)c1ccc(cc1)Cn1nc(c2c(ncnc12)N)-c1ccc2oc(nc2c1)N,1.53
Nc1nc2cc(ccc2o1)-c1nn(c2ncnc(c12)N)Cc1ccccc1F,0.12
Nc1nc2cc(ccc2o1)-c1nn(c2ncnc(c12)N)Cc1ccccc1F,0.08
Cc1ccccc1Cn1nc(c2c(ncnc12)N)-c1ccc2oc(nc2c1)N,0.26
Cc1ccccc1Cn1nc(c2c(ncnc12)N)-c1ccc2oc(nc2c1)N,0.19
Nc1nc2cc(ccc2o1)-c1nn(c2ncnc(c12)N)Cc1ccccc1C(F)(F)F,0.21
Nc1nc2cc(ccc2o1)-c1nn(c2ncnc(c12)N)Cc1ccccc1C(F)(F)F,0.25
Nc1nc2cc(ccc2o1)-c1nn(c2ncnc(c12)N)Cc1ccccc1Cl,0.28
Nc1nc2cc(ccc2o1)-c1nn(c2ncnc(c12)N)Cc1ccccc1Cl,0.36
Nc1nc2cc(ccc2o1)-c1nn(c2ncnc(c12)N)Cc1ccc(nc1)Cl,0.548
Nc1nc2cc(ccc2o1)-c1nn(c2ncnc(c12)N)Cc1ccc(nc1)Cl,0.559
Nc1nc2cc(ccc2o1)-c1nn(c2ncnc(c12)N)CC1CCCCC1,0.0739
Nc1nc2cc(ccc2o1)-c1nn(c2ncnc(c12)N)CC1CCCCC1,0.0497
NC(=O)c1cccc(c1)Cn1nc(c2c(ncnc12)N)-c1ccc2oc(nc2c1)N,0.195
NC(=O)c1cccc(c1)Cn1nc(c2c(ncnc12)N)-c1ccc2oc(nc2c1)N,0.063
Nc1nc2cc(ccc2o1)-c1nn(c2ncnc(c12)N)Cc1ccc(nc1)F,0.622
Nc1nc2cc(ccc2o1)-c1nn(c2ncnc(c12)N)Cc1ccc(nc1)F,0.624
Cc1ccc(cn1)Cn1nc(c2c(ncnc12)N)-c1ccc2oc(nc2c1)N,0.2
Cc1ccc(cn1)Cn1nc(c2c(ncnc12)N)-c1ccc2oc(nc2c1)N,0.29
Nc1nc2cc(ccc2o1)-c1nn(c2ncnc(c12)N)Cc1ccc(c(c1)C#N)F,0.746
Nc1nc2cc(ccc2o1)-c1nn(c2ncnc(c12)N)Cc1ccc(c(c1)C#N)F,0.779
COc1ccc(cc1OC)-c1ccc2ncc(n2n1)Nc1cccnc1OC,2
NC(=O)c1ccccc1Cn1nc(c2c(ncnc12)N)-c1ccc2oc(nc2c1)N,0.396
NC(=O)c1ccccc1Cn1nc(c2c(ncnc12)N)-c1ccc2oc(nc2c1)N,0.194
CNS(=O)(=O)c1ccc(cc1)Cn1nc(c2c(ncnc12)N)-c1ccc2oc(nc2c1)N,0.217
CNS(=O)(=O)c1ccc(cc1)Cn1nc(c2c(ncnc12)N)-c1ccc2oc(nc2c1)N,0.465
CNS(=O)(=O)c1ccc(cc1)Cn1nc(c2c(ncnc12)N)-c1ccc2oc(nc2c1)N,0.924
Nc1ccc(cc1)Cn1nc(c2c(ncnc12)N)-c1ccc2oc(nc2c1)N,0.0605
Nc1ccc(cc1)Cn1nc(c2c(ncnc12)N)-c1ccc2oc(nc2c1)N,0.045
Nc1cccc(c1)Cn1nc(c2c(ncnc12)N)-c1ccc2oc(nc2c1)N,0.14
Nc1cccc(c1)Cn1nc(c2c(ncnc12)N)-c1ccc2oc(nc2c1)N,0.0932
Nc1nc2cc(ccc2o1)-c1nn(c2ncnc(c12)N)Cc1ccnc(c1)Cl,0.978
Nc1nc2cc(ccc2o1)-c1nn(c2ncnc(c12)N)Cc1ccnc(c1)Cl,0.69
Nc1nc2cc(ccc2o1)-c1nn(c2ncnc(c12)N)Cc1ccnc(c1)F,0.794
Nc1nc2cc(ccc2o1)-c1nn(c2ncnc(c12)N)Cc1ccnc(c1)F,0.628
Cc1cncc(c1)Cn1nc(c2c(ncnc12)N)-c1ccc2oc(nc2c1)N,0.437
Cc1cncc(c1)Cn1nc(c2c(ncnc12)N)-c1ccc2oc(nc2c1)N,0.331
CN(C)c1cccc(c1)Cn1nc(c2c(ncnc12)N)-c1ccc2oc(nc2c1)N,0.179
CN(C)c1cccc(c1)Cn1nc(c2c(ncnc12)N)-c1ccc2oc(nc2c1)N,0.13
Nc1nc2cc(ccc2o1)-c1nn(c2ncnc(c12)N)Cc1ccc(cn1)Cl,0.336
Nc1nc2cc(ccc2o1)-c1nn(c2ncnc(c12)N)Cc1ccc(cn1)Cl,0.243
Cc1cc(ccn1)Cn1nc(c2c(ncnc12)N)-c1ccc2oc(nc2c1)N,1.01
Cc1cc(ccn1)Cn1nc(c2c(ncnc12)N)-c1ccc2oc(nc2c1)N,0.755
CN(C)S(=O)(=O)c1ccc(cc1)Cn1nc(c2c(ncnc12)N)-c1ccc2oc(nc2c1)N,0.544
CN(C)S(=O)(=O)c1ccc(cc1)Cn1nc(c2c(ncnc12)N)-c1ccc2oc(nc2c1)N,1.06
COc1cc(c2c(c(cc(c2n1)NC(C)CCCN)OC)Oc1cccc(c1)C(F)(F)F)C,6.12
COc1cc(c2c(c(cc(c2n1)NC(C)CCCN)OC)Oc1cccc(c1)C(F)(F)F)C,10
CCc1nc(nc(c1C#CC(C)c1cc(cc(c1)-c1ccncc1)OC)N)N,1.88
CCc1nc(nc(c1C#CC(C)c1cc(cc(c1)-c1ccncc1)OC)N)N,10
CCc1nc(nc(c1C#CC(C)c1cc(cc(c1)-c1ccncc1)OC)N)N,10
CN1CCN(CC1)Cc1ccc(cc1)C(=O)Nc1ccc(c(c1)Nc1nccc(n1)-c1cccnc1)C,2.3
CN1CCN(CC1)Cc1ccc(cc1)C(=O)Nc1ccc(c(c1)Nc1nccc(n1)-c1cccnc1)C,6.83
CN1CCN(CC1)Cc1ccc(cc1)C(=O)Nc1ccc(c(c1)Nc1nccc(n1)-c1cccnc1)C,9.26
CN(C)CCCOc1ccc(cn1)-c1ccc2ncc3c(c2c1)N(C1CCOCC1)C(=O)N3C,10
CN(C)CCCOc1ccc(cn1)-c1ccc2ncc3c(c2c1)N(C1CCOCC1)C(=O)N3C,10
CN(C)CCCOc1ccc(cn1)-c1ccc2ncc3c(c2c1)N(C1CCOCC1)C(=O)N3C,10
CN(C)S(=O)(=O)c1cccc(c1)Cn1nc(c2c(ncnc12)N)-c1ccc2oc(nc2c1)N,0.174
CN(C)S(=O)(=O)c1cccc(c1)Cn1nc(c2c(ncnc12)N)-c1ccc2oc(nc2c1)N,0.187
CNS(=O)(=O)c1cccc(c1)Cn1nc(c2c(ncnc12)N)-c1ccc2oc(nc2c1)N,0.188
CNS(=O)(=O)c1cccc(c1)Cn1nc(c2c(ncnc12)N)-c1ccc2oc(nc2c1)N,0.261
Nc1nc2cc(ccc2o1)-c1nn(c2ncnc(c12)N)Cc1ccc(cc1)S(=O)(=O)N,0.334
Nc1nc2cc(ccc2o1)-c1nn(c2ncnc(c12)N)Cc1cccc(n1)F,0.186
Nc1nc2cc(ccc2o1)-c1nn(c2ncnc(c12)N)Cc1cccc(n1)F,0.186
Nc1nc2cc(ccc2o1)-c1nn(c2ncnc(c12)N)Cc1cccc(n1)C(F)(F)F,0.219
Nc1nc2cc(ccc2o1)-c1nn(c2ncnc(c12)N)Cc1cccc(n1)F,0.172
Nc1nc2cc(ccc2o1)-c1nn(c2ncnc(c12)N)CC1CCC(F)(F)CC1,0.302
Nc1nc2cc(ccc2o1)-c1nn(c2ncnc(c12)N)CC1CCC(F)(F)CC1,0.214
Nc1nc2cc(ccc2o1)-c1nn(c2ncnc(c12)N)Cc1cncc(c1)Cl,0.153
Nc1nc2cc(ccc2o1)-c1nn(c2ncnc(c12)N)Cc1cncc(c1)Cl,0.136
CNC(=O)C1CN(C1)c1nc(nc(n1)N(CCO)Cc1ccccc1F)N1CCC(CCNC(=O)c2cc([nH]n2)-c2cccnc2)CC1,0.178
CNC(=O)C1CN(C1)c1nc(nc(n1)N(CCO)Cc1ccccc1F)N1CCC(CCNC(=O)c2cc([nH]n2)-c2cccnc2)CC1,1.65
CNC(=O)C1CN(C1)c1nc(nc(n1)N(CCO)Cc1ccccc1F)N1CCC(CCNC(=O)c2cc([nH]n2)-c2cccnc2)CC1,0.05
CNC(=O)C1CN(C1)c1nc(nc(n1)N(CCO)Cc1ccccc1F)N1CCC(CCNC(=O)c2cc([nH]n2)-c2cccnc2)CC1,0.058
CNC(=O)c1cccc(c1)CNc1nc(nc(n1)N1CCC(CCNC(=O)c2cc([nH]n2)-c2cccnc2)CC1)NC,1.28
CNC(=O)c1cccc(c1)CNc1nc(nc(n1)N1CCC(CCNC(=O)c2cc([nH]n2)-c2cccnc2)CC1)NC,8.93
CNC(=O)c1cccc(c1)CNc1nc(nc(n1)N1CCC(CCNC(=O)c2cc([nH]n2)-c2cccnc2)CC1)NC,0.103
CNC(=O)c1cccc(c1)CNc1nc(nc(n1)N1CCC(CCNC(=O)c2cc([nH]n2)-c2cccnc2)CC1)NC,0.047
CNC(=O)C1CCCC(C1)Nc1nc(nc(n1)NC[C@H]1CC[C@@H](CC1)CNC(=O)c1ccc2cn[nH]c2c1)O,0.912
CNC(=O)C1CCCC(C1)Nc1nc(nc(n1)NC[C@H]1CC[C@@H](CC1)CNC(=O)c1ccc2cn[nH]c2c1)O,4.92
CNC(=O)C1CCCC(C1)Nc1nc(nc(n1)NC[C@H]1CC[C@@H](CC1)CNC(=O)c1ccc2cn[nH]c2c1)O,0.302
CNC(=O)C1CCCC(C1)Nc1nc(nc(n1)NC[C@H]1CC[C@@H](CC1)CNC(=O)c1ccc2cn[nH]c2c1)O,0.065
COc1cc(ccc1-c1nc2c(c(n1)N(C)C)CCN(C2)C(=O)CNC(=O)c1ccc(c(c1)Cl)Cl)C#N,0.624
COc1cc(ccc1-c1nc2c(c(n1)N(C)C)CCN(C2)C(=O)CNC(=O)c1ccc(c(c1)Cl)Cl)C#N,8.05
COc1cc(ccc1-c1nc2c(c(n1)N(C)C)CCN(C2)C(=O)CNC(=O)c1ccc(c(c1)Cl)Cl)C#N,0.179
COc1cc(ccc1-c1nc2c(c(n1)N(C)C)CCN(C2)C(=O)CNC(=O)c1ccc(c(c1)Cl)Cl)C#N,0.02
CS(=O)(=O)c1ccc(cc1)-c1cnc2ccc(cn12)-c1cccc(c1)C(=O)N,10
CS(=O)(=O)c1ccc(cc1)-c1cnc2ccc(cn12)-c1cccc(c1)C(=O)N1CCC(O)CC1,4.14
CS(=O)(=O)c1ccc(cc1)-c1cnc2ccc(cn12)-c1cccc(c1)C(=O)N1CCC(O)CC1,5.81
CS(=O)(=O)c1ccc(cc1)-c1cnc2ccc(cn12)-c1cccc(c1)C(=O)N1CCC(O)CC1,4.43
CS(=O)c1ccc(cc1)-c1cnc2ccc(cn12)-c1cccc(c1)C(=O)N1CCOCC1,10
CS(=O)c1ccc(cc1)-c1cnc2ccc(cn12)-c1cccc(c1)C(=O)N1CCOCC1,10
CS(=O)c1ccc(cc1)-c1cnc2ccc(cn12)-c1cccc(c1)C(=O)N1CCCC1,10
CS(=O)c1ccc(cc1)-c1cnc2ccc(cn12)-c1cccc(c1)C(=O)N1CCCC1,10
CS(=O)c1ccc(cc1)-c1cnc2ccc(cn12)-c1cccc(c1)C(=O)N1CCCCC1,10
CS(=O)c1ccc(cc1)-c1cnc2ccc(cn12)-c1cccc(c1)C(=O)N1CCCCC1,10
CS(=O)(=O)c1ccc(cc1)-c1cnc2ccc(cn12)-c1cccc(c1)C(=O)O,10
CS(=O)(=O)c1ccc(cc1)-c1cnc2ccc(cn12)-c1cccc(c1)C(=O)O,10
COc1ccc(cn1)-c1cnc2ccc(nn12)NCc1ccc(cc1)S(=O)(=O)N,0.126
COc1ccc(cn1)-c1cnc2ccc(nn12)NCc1ccc(cc1)S(=O)(=O)N,0.0766
COc1ccc(cc1)-c1cncc2ccc(nc12)C(=O)NCCCn1ccnc1,0.144
COc1ccc(cc1)-c1cncc2ccc(nc12)C(=O)NCCCn1ccnc1,0.202
COc1ccc(cc1OC)-c1nn(c2ncnc(c12)N)C(C)C,0.027
COc1ccc(cc1OC)-c1nn(c2ncnc(c12)N)C(C)C,0.029
CNC(=O)c1nn(c-2c1C(C)(C)Cc1cnc(nc12)Nc1ccc(cc1)N1CCN(C)CC1)C,0.0534
CNC(=O)c1nn(c-2c1C(C)(C)Cc1cnc(nc12)Nc1ccc(cc1)N1CCN(C)CC1)C,0.0547
CCOc1ccc2cc(ccc2c1)-c1nn(c2ncnc(c12)N)CC1CCN(C)CC1,0.159
CCOc1ccc2cc(ccc2c1)-c1nn(c2ncnc(c12)N)CC1CCN(C)CC1,0.191
CNc1ncnc(n1)N1CCC(CCNC(=O)c2cc([nH]n2)-c2cccnc2)CC1,1.19
CNc1ncnc(n1)N1CCC(CCNC(=O)c2cc([nH]n2)-c2cccnc2)CC1,1.55
CNC(=O)c1cccc(c1)CNc1ncnc(n1)N1CCC(CCNC(=O)c2cc([nH]n2)-c2cccnc2)CC1,1.59
CNC(=O)c1cccc(c1)CNc1ncnc(n1)N1CCC(CCNC(=O)c2cc([nH]n2)-c2cccnc2)CC1,1.33
Cc1cnc(nc1Nc1cccc(c1)S(=O)(=O)NC(C)(C)C)Nc1ccc(cc1)OCCN1CCCC1,0.195
Cc1cnc(nc1Nc1cccc(c1)S(=O)(=O)NC(C)(C)C)Nc1ccc(cc1)OCCN1CCCC1,0.246
OCCN(Cc1ccccc1F)c1ncnc(n1)N1CCC(CCNC(=O)c2cc([nH]n2)-c2cccnc2)CC1,0.248
OCCN(Cc1ccccc1F)c1ncnc(n1)N1CCC(CCNC(=O)c2cc([nH]n2)-c2cccnc2)CC1,0.244
CNC(=O)C1CN(C1)c1ncnc(n1)N1CCC(CCNC(=O)c2cc([nH]n2)-c2cccnc2)CC1,2.35
CNC(=O)C1CN(C1)c1ncnc(n1)N1CCC(CCNC(=O)c2cc([nH]n2)-c2cccnc2)CC1,2.94
O=C(NCCC1CCNCC1)c1cc([nH]n1)-c1ccccn1,30
O=C(NCCC1CCNCC1)c1cc([nH]n1)-c1ccccn1,30
O=C(NCCC1CCNCC1)c1cc([nH]n1)-c1ccncc1,3.67
O=C(NCCC1CCNCC1)c1cc([nH]n1)-c1ccncc1,3.38
NCCCCCNC(=O)c1cc([nH]n1)-c1cccnc1,30
CN(C)C/C=C/C(=O)Nc1cccc(c1)C(=O)Nc1ccc(c(c1)C)Nc1nccc(n1)-c1cccnc1,0.563
CN(C)C/C=C/C(=O)Nc1cccc(c1)C(=O)Nc1ccc(c(c1)C)Nc1nccc(n1)-c1cccnc1,0.993
CN(C)CCOc1ccc(cc1)-c1nc(c([nH]1)-c1ccncc1)-c1ccc/2c(c1)CC\C2=N\O,4.19
Nc1nccc(n1)-c1c(ncn1C1CCN(CC1)Cc1ccccc1)-c1ccc(cc1)F,0.851
Nc1nccc(n1)-c1c(ncn1C1CCN(CC1)Cc1ccccc1)-c1ccc(cc1)F,1.5
COc1ccc2[nH]c3c4[nH]c5ccc(cc5c4c4c(c3c2c1)C(=O)NC4=O)OC,0.064
CN(C)CCN(C)C(=O)c1cc(c(o1)-c1ccc(c(c1)O)Cl)-c1ccncc1,0.00207
CN(C)CCN(C)C(=O)c1cc(c(o1)-c1ccc(c(c1)O)Cl)-c1ccncc1,0.00544
Nc1ncnc2occ(c12)-c1ccc(cc1)NC(=O)Nc1cc(ccc1F)C(F)(F)F,10
Nc1ncnc2occ(c12)-c1ccc(cc1)NC(=O)Nc1cc(ccc1F)C(F)(F)F,10
CN1CCN(CC1)c1cc(nc(n1)N)-c1ccncc1,10
CN1CCN(CC1)c1cc(nc(n1)N)-c1ccncc1,10
COc1cccc(c1)Nc1nc(cc(n1)-c1ccncc1)N1CCN(C)CC1,0.015
COc1cccc(c1)Nc1nc(cc(n1)-c1ccncc1)N1CCN(C)CC1,0.0205
NC1CCN(CC1)C(=O)c1cccc(c1)-c1ccc2ncc(n2n1)-c1ccc(cc1)C(=O)N1CC(O)C1,1.6
NC1CCN(CC1)C(=O)c1cccc(c1)-c1ccc2ncc(n2n1)-c1ccc(cc1)C(=O)N1CC(O)C1,1.99
NC1CCN(CC1)C(=O)c1cccc(c1)-c1ccc2ncc(n2n1)-c1ccc(cc1)C(=O)N1CC(O)C1,1.59
CNC(=O)c1ccc(cc1)-c1cnc2ccc(nn12)-c1cccc(c1)C(=O)N1CCC(N)CC1,1.75
CNC(=O)c1ccc(cc1)-c1cnc2ccc(nn12)-c1cccc(c1)C(=O)N1CCC(N)CC1,1.61
CNC(=O)c1ccc(cc1)-c1cnc2ccc(nn12)-c1cccc(c1)C(=O)N1CCC(N)CC1,1.29
NC1CCN(CC1)C(=O)c1cccc(c1)-c1ccc2ncc(n2n1)-c1cccc(c1)C(=O)N1CC[C@H](O)C1,0.0657
NC1CCN(CC1)C(=O)c1cccc(c1)-c1ccc2ncc(n2n1)-c1cccc(c1)C(=O)N1CC[C@H](O)C1,0.038
NC1CCN(CC1)C(=O)c1cccc(c1)-c1ccc2ncc(n2n1)-c1cccc(c1)C(=O)N1CC[C@H](O)C1,0.039
NC1CCN(CC1)C(=O)c1cccc(c1)-c1ccc2ncc(n2n1)-c1cccc(c1)C(=O)N1CC(O)C1,1.19
NC1CCN(CC1)C(=O)c1cccc(c1)-c1ccc2ncc(n2n1)-c1cccc(c1)C(=O)N1CC(O)C1,1
NC1CCN(CC1)C(=O)c1cccc(c1)-c1ccc2ncc(n2n1)-c1cccc(c1)C(=O)N1CC(O)C1,0.918
CN1CCN(CC1)c1cc(nc(n1)Nc1cccc(c1)S(=O)(=O)C)-c1ccnc(c1)NCC1CC1,2.75
CN1CCN(CC1)c1cc(nc(n1)Nc1cccc(c1)S(=O)(=O)C)-c1ccnc(c1)NCC1CC1,4.64
COc1cccc(c1)Nc1nc(cc(n1)-c1ccnc(c1)NCC1CC1)N1CCN(C)CC1,0.25
COc1cccc(c1)Nc1nc(cc(n1)-c1ccnc(c1)NCC1CC1)N1CCN(C)CC1,0.31
FC(F)(F)c1ccc(cc1)C1=CC(=O)N2C(=N1)N(Cc1cccc(c1Cl)Cl)c1ccccc12,10
FC(F)(F)c1ccc(cc1)C1=CC(=O)N2C(=N1)N(Cc1cccc(c1Cl)Cl)c1ccccc12,10
Clc1cccc(c1Cl)CN1C2=NC(=CC(=O)N2c2ccccc21)c1ccc(cc1)C#N,10
Clc1cccc(c1Cl)CN1C2=NC(=CC(=O)N2c2ccccc21)c1ccc(cc1)C#N,10
Clc1cccc(c1Cl)CN1C2=NC(=CC(=O)N2c2ccccc21)N1CCOCC1,10
Clc1cccc(c1Cl)CN1C2=NC(=CC(=O)N2c2ccccc21)N1CCOCC1,10
Clc1cccc(c1Cl)CN1C2=NC(=CC(=O)N2c2ccccc21)Nc1ccc(cc1)C#N,10
Clc1cccc(c1Cl)CN1C2=NC(=CC(=O)N2c2ccccc21)Nc1ccc(cc1)C#N,10
NC1CCN(CC1)C(=O)c1cccc(c1)-c1ccc2nnc(n2c1)-c1cccc(c1)C(=O)N1CC[C@@H](O)C1,10
NC1CCN(CC1)C(=O)c1cccc(c1)-c1ccc2nnc(n2c1)-c1cccc(c1)C(=O)N1CC[C@@H](O)C1,10
NC1CCN(CC1)C(=O)c1cccc(c1)-c1ccc2ncc(n2n1)-c1cccc(c1)C(=O)N1CCC(O)CC1,6.67
NC1CCN(CC1)C(=O)c1cccc(c1)-c1ccc2ncc(n2n1)-c1cccc(c1)C(=O)N1CCC(O)CC1,4.56
NC1CCN(CC1)C(=O)c1cccc(c1)-c1ccc2ncc(n2n1)-c1cccc(c1)C(=O)N1CCC(N)CC1,2.04
NC1CCN(CC1)C(=O)c1cccc(c1)-c1ccc2ncc(n2n1)-c1cccc(c1)C(=O)N1CCC(N)CC1,3.03
COc1ccc(cn1)Nc1cnnc2cc(ccc12)-c1cccc(c1)N1CCOCC1,10
COc1ccc(cn1)Nc1cnnc2cc(ccc12)-c1cccc(c1)N1CCOCC1,10
COc1ccc(cc1)Nc1cnnc2cc(ccc12)N1CCCN(C)CC1,10
COc1ccc(cc1)Nc1cnnc2cc(ccc12)N1CCCN(C)CC1,10
CN(C)Cc1ccc(cc1)-c1cc2c(ccnc2[nH]1)-c1ccc(cc1)CN(C)C,1.2
CN(C)Cc1ccc(cc1)-c1cc2c(ccnc2[nH]1)-c1ccc(cc1)CN(C)C,10
CCN(CC)Cc1cccc(c1OC)-c1cc2c(ccnc2[nH]1)-c1ccc(c(c1)C(C)C)C(=O)O,0.251
CCN(CC)Cc1cccc(c1OC)-c1cc2c(ccnc2[nH]1)-c1ccc(c(c1)C(C)C)C(=O)O,0.289
C[C@@H]1COCCN1c1ncc(cn1)-c1ccc/2c(c1)N(C)C=C\C2=N/c1cnccn1,10
C[C@@H]1COCCN1c1ncc(cn1)-c1ccc/2c(c1)N(C)C=C\C2=N/c1cnccn1,10
C[C@H]1COCCN1c1ncc(cn1)-c1ccc/2c(c1)N(C)C=C\C2=N/c1cnccn1,10
C[C@H]1COCCN1c1ncc(cn1)-c1ccc/2c(c1)N(C)C=C\C2=N/c1cnccn1,10
CN1C=C/C(=N\c2cnccn2)c2ccc(cc21)-c1cnc(nc1)N1CCCN(CC1)C(=O)OC(C)(C)C,10
CN1C=C/C(=N\c2cnccn2)c2ccc(cc21)-c1cnc(nc1)N1CCCN(CC1)C(=O)OC(C)(C)C,10
CN1C=C/C(=N\c2cnccn2)c2ccc(cc21)-c1cnc(nc1)N1CCCNCC1,10
CN1C=C/C(=N\c2cnccn2)c2ccc(cc21)-c1cnc(nc1)N1CCCNCC1,10
CS(=O)(=O)c1ccc(cc1)-c1cnc(c(n1)C(=O)NC1CCC(F)(F)CC1)N,10
CS(=O)(=O)c1ccc(cc1)-c1cnc(c(n1)C(=O)NC1CCC(F)(F)CC1)N,10
CS(=O)(=O)c1ccc(cc1)-c1cnc(c(n1)C(=O)NC1CCC(F)(F)CC1)N,10
CN1CCCN(CC1)S(=O)(=O)c1ccc(cc1)-c1ccc2nncc(c2c1)Nc1ccc(cc1)OC(F)(F)F,10
CN1CCCN(CC1)S(=O)(=O)c1ccc(cc1)-c1ccc2nncc(c2c1)Nc1ccc(cc1)OC(F)(F)F,10
CN1CCCN(CC1)S(=O)(=O)c1ccc(cc1)-c1ccc2c(cnnc2c1)Nc1ccc(c(c1)Cl)OCc1cccc(c1)F,10
CN1CCCN(CC1)S(=O)(=O)c1ccc(cc1)-c1ccc2c(cnnc2c1)Nc1ccc(c(c1)Cl)OCc1cccc(c1)F,10
CN1CCN(CC1)S(=O)(=O)c1ccc(cc1)-c1ccc2c(cnnc2c1)Nc1ccc(nc1)C,10
CN1CCN(CC1)S(=O)(=O)c1ccc(cc1)-c1ccc2c(cnnc2c1)Nc1ccc(nc1)C,10
CN1CCCN(CC1)S(=O)(=O)c1ccc(cc1)-c1ccc2c(cnnc2c1)Nc1ncc(cn1)Cl,10
CN1CCCN(CC1)S(=O)(=O)c1ccc(cc1)-c1ccc2c(cnnc2c1)Nc1ncc(cn1)Cl,10
CN1CCCN(CC1)c1ncc(cn1)-c1ccc2c(cnnc2c1)Nc1ccc(nc1)C,10
CN1CCCN(CC1)c1ncc(cn1)-c1ccc2c(cnnc2c1)Nc1ccc(nc1)C,10
COc1cc2nccc(c2cc1OC)Oc1ccc(c(c1)F)NC(=O)Nc1ccc(c(c1)C(F)(F)F)CN1CCN(C)CC1,10
COc1cc2nccc(c2cc1OC)Oc1ccc(c(c1)F)NC(=O)Nc1ccc(c(c1)C(F)(F)F)CN1CCN(C)CC1,10
COc1cc2nccc(c2cc1OC)Oc1ccc(c(c1)F)NC(=O)Nc1ccc(cc1)C=C1CCNCC1,10
COc1cc2nccc(c2cc1OC)Oc1ccc(c(c1)F)NC(=O)Nc1ccc(cc1)C=C1CCNCC1,10
COc1cc2nccc(c2cc1OC)Oc1ccc(c(c1)F)NC(=O)Nc1ccc(cc1)CC1CCNCC1,10
COc1cc2nccc(c2cc1OC)Oc1ccc(c(c1)F)NC(=O)Nc1ccc(cc1)CC1CCNCC1,10
COc1cc2nccc(c2cc1OC)Oc1ccc(c(c1)F)NC(=O)Nc1ccc(c(c1)C(F)(F)F)OC1CCN(C)CC1,10
COc1cc2nccc(c2cc1OC)Oc1ccc(c(c1)F)NC(=O)Nc1ccc(c(c1)C(F)(F)F)OC1CCN(C)CC1,10
COc1cc2nccc(c2cc1OC)Oc1ccc(c(c1)F)NC(=O)Nc1ccc(c(c1)C(F)(F)F)CC1CCNCC1,10
COc1cc2nccc(c2cc1OC)Oc1ccc(c(c1)F)NC(=O)Nc1ccc(c(c1)C(F)(F)F)CC1CCNCC1,10
COc1cc(ccc1Nc1ncc(c(n1)Nc1ccccc1NS(=O)(=O)C)Cl)N1CCOCC1,4.76
COc1cc(ccc1Nc1ncc(c(n1)Nc1ccccc1NS(=O)(=O)C)Cl)N1CCOCC1,10
COc1cc(ccc1Nc1ncc(c(n1)Nc1ccccc1NS(=O)(=O)C)Cl)N1CCOCC1,5.09
COc1cc(ccc1Nc1ncc(c(n1)Nc1ccccc1NS(=O)(=O)C)I)N1CCOCC1,0.706
COc1cc(ccc1Nc1ncc(c(n1)Nc1ccccc1NS(=O)(=O)C)I)N1CCOCC1,0.622
COc1cc(ccc1Nc1ncc(c(n1)Nc1ccccc1NS(=O)(=O)C)C(F)(F)F)N1CCOCC1,3.59
COc1cc(ccc1Nc1ncc(c(n1)Nc1ccccc1NS(=O)(=O)C)C(F)(F)F)N1CCOCC1,2.74
COc1cc(ccc1N1CCOCC1)Nc1ncc(c(n1)Nc1ccccc1NS(=O)(=O)C)Cl,1.47
COc1cc(ccc1N1CCOCC1)Nc1ncc(c(n1)Nc1ccccc1NS(=O)(=O)C)Cl,0.604
COCCOc1cc2ncnc(c2cc1OCCOC)Nc1cccc(c1)C#C,10
COCCOc1cc2ncnc(c2cc1OCCOC)Nc1cccc(c1)C#C,10
O=C(N1CCC(CC1)N1CCCC1)c1ccc(cc1)Nc1nccc(n1)-c1cc2ccccc2s1,1.18
O=C(N1CCC(CC1)N1CCCC1)c1ccc(cc1)Nc1nccc(n1)-c1cc2ccccc2s1,1.14
C1CCN(C1)C1CCN(CC1)Cc1ccc(cc1)Nc1nccc(n1)-c1cc2ccccc2s1,3.22
C1CCN(C1)C1CCN(CC1)Cc1ccc(cc1)Nc1nccc(n1)-c1cc2ccccc2s1,3.06
Cc1cc(nc(n1)Nc1ccc(cc1)C(=O)N1CCC(CC1)[NH+]1CCCC1)-c1cc2ccccc2s1,10
Cc1cc(nc(n1)Nc1ccc(cc1)C(=O)N1CCC(CC1)[NH+]1CCCC1)-c1cc2ccccc2s1,10
Clc1ccc(s1)-c1nc(ncc1Cl)Nc1ccc(cc1)C(=O)N1CCC(CC1)[NH+]1CCCC1,10
Clc1ccc(s1)-c1nc(ncc1Cl)Nc1ccc(cc1)C(=O)N1CCC(CC1)[NH+]1CCCC1,4.5
Cc1cnc(nc1-c1ccc(s1)Cl)Nc1ccc(cc1)C(=O)N1CCC(CC1)[NH+]1CCCC1,1.86
Cc1cnc(nc1-c1ccc(s1)Cl)Nc1ccc(cc1)C(=O)N1CCC(CC1)[NH+]1CCCC1,1.45
Clc1ccc(cc1Cl)-c1ccnc(n1)Nc1ccc(cc1)C(=O)N1CCC(CC1)N1CCCC1,10
Clc1ccc(cc1Cl)-c1ccnc(n1)Nc1ccc(cc1)C(=O)N1CCC(CC1)N1CCCC1,8.58
C1CCN(CC1)Cc1cccc(c1)-c1ccc2ncnc(c2c1)Nc1cnccn1,10
C1CCN(CC1)Cc1cccc(c1)-c1ccc2ncnc(c2c1)Nc1cnccn1,10
CCn1cnc2c(nc(nc12)N[C@@H]1CCCC[C@@H]1N)Nc1cccc(c1)Cl,4.57
CCn1cnc2c(nc(nc12)N[C@@H]1CCCC[C@@H]1N)Nc1cccc(c1)Cl,2.85
[NH3+][C@H]1CC[C@@H](CC1)Nc1nc(c2[nH+]cn(c2n1)-c1ccccc1)Nc1ccc(cc1)C[NH+]1CCOCC1,0.306
[NH3+][C@H]1CC[C@@H](CC1)Nc1nc(c2[nH+]cn(c2n1)-c1ccccc1)Nc1ccc(cc1)C[NH+]1CCOCC1,0.241
[NH3+][C@@H]1CCCC[C@@H]1Nc1nc(c2[nH+]cn(c2n1)-c1ccccc1)Nc1cccc(c1)Cl,4.5
[NH3+][C@@H]1CCCC[C@@H]1Nc1nc(c2[nH+]cn(c2n1)-c1ccccc1)Nc1cccc(c1)Cl,3.9
CC(C)N1C(=O)Cc2ccc(cc21)Nc1ncc(c(n1)NCc1cccc(c1)Cl)C(F)(F)F,10
CC(C)N1C(=O)Cc2ccc(cc21)Nc1ncc(c(n1)NCc1cccc(c1)Cl)C(F)(F)F,10
NC(=O)Nc1sc(cc1C(=O)N)-c1ccc(cc1)F,1.39
NC(=O)Nc1sc(cc1C(=O)N)-c1ccc(cc1)F,1.64
CS(=O)(=O)c1ccc(cc1)-c1cnc2ccc(nn12)-c1cccc(c1)F,0.511
CS(=O)(=O)c1ccc(cc1)-c1cnc2ccc(nn12)-c1cccc(c1)F,5.66
CS(=O)(=O)c1ccc(cc1)-c1cnc2ccc(nn12)-c1cccc(c1)F,3.94
CC(C)(C)OC(=O)N1CCC(=CC1)c1ccc2ncc(n2n1)-c1ccc(cc1)S(=O)(=O)C,10
CC(C)(C)OC(=O)N1CCC(=CC1)c1ccc2ncc(n2n1)-c1ccc(cc1)S(=O)(=O)C,10
COc1ccc(cc1)-c1ccc2ncc(n2n1)-c1ccc(cc1)S(=O)(=O)C,10
COc1ccc(cc1)-c1ccc2ncc(n2n1)-c1ccc(cc1)S(=O)(=O)C,10
CC(C)(C)OC(=O)NC1CCN(CC1)C(=O)c1cccc(c1)-c1ccc2ncc(n2n1)-c1ccc(cc1)S(=O)(=O)C,10
CC(C)(C)OC(=O)NC1CCN(CC1)C(=O)c1cccc(c1)-c1ccc2ncc(n2n1)-c1ccc(cc1)S(=O)(=O)C,10
COc1cccc(c1)-c1ccc2ncc(n2n1)-c1ccc(cc1)S(=O)(=O)C,10
COc1cccc(c1)-c1ccc2ncc(n2n1)-c1ccc(cc1)S(=O)(=O)C,10
COc1ccc(cc1)/C=C/c1ccc2ncc(n2n1)-c1ccc(cc1)S(=O)(=O)C,10
COc1ccc(cc1)/C=C/c1ccc2ncc(n2n1)-c1ccc(cc1)S(=O)(=O)C,10
CS(=O)(=O)c1ccc(cc1)-c1cnc2ccc(nn12)-c1ccccc1OC(F)(F)F,10
CS(=O)(=O)c1ccc(cc1)-c1cnc2ccc(nn12)-c1ccccc1OC(F)(F)F,10
Cc1cccc(c1)-c1ccc2ncc(n2n1)-c1ccc(cc1)S(=O)(=O)C,10
Cc1cccc(c1)-c1ccc2ncc(n2n1)-c1ccc(cc1)S(=O)(=O)C,10
CS(=O)(=O)c1ccc(cc1)-c1cnc2ccc(nn12)-c1ccncc1,10
CS(=O)(=O)c1ccc(cc1)-c1cnc2ccc(nn12)-c1ccncc1,10
CS(=O)(=O)Nc1ccc(cc1)-c1ccc2ncc(n2n1)-c1ccc(cc1)S(=O)(=O)C,0.889
CS(=O)(=O)Nc1ccc(cc1)-c1ccc2ncc(n2n1)-c1ccc(cc1)S(=O)(=O)C,1.05
CS(=O)(=O)c1ccc(cc1)-c1cnc2ccc(nn12)-c1ccc(cc1)OC(F)(F)F,10
CS(=O)(=O)c1ccc(cc1)-c1cnc2ccc(nn12)-c1ccc(cc1)OC(F)(F)F,10
CS(=O)(=O)c1ccc(cc1)-c1cnc2ccc(nn12)-c1ccsc1,5.15
CS(=O)(=O)c1ccc(cc1)-c1cnc2ccc(nn12)-c1ccsc1,4.92
COc1ccccc1-c1ccc2ncc(n2n1)-c1ccc(cc1)S(=O)(=O)C,10
COc1ccccc1-c1ccc2ncc(n2n1)-c1ccc(cc1)S(=O)(=O)C,10
CCOC(=O)c1ccccc1-c1ccc2ncc(n2n1)-c1ccc(cc1)S(=O)(=O)C,10
CCOC(=O)c1ccccc1-c1ccc2ncc(n2n1)-c1ccc(cc1)S(=O)(=O)C,10
CS(=O)(=O)c1ccc(cc1)-c1cnc2ccc(nn12)-c1cccs1,0.119
CS(=O)(=O)c1ccc(cc1)-c1cnc2ccc(nn12)-c1cccs1,2.23
CS(=O)(=O)c1ccc(cc1)-c1cnc2ccc(nn12)-c1cccs1,2.02
Cn1nc(c2c1-c1nc(ncc1CC2(C)C)N)C(=O)NC1CCCCC1,10
Cn1nc(c2c1-c1nc(ncc1CC2(C)C)N)C(=O)NC1CCCCC1,10
Cn1nc(c2c1-c1nc(ncc1CC2(C)C)N)C(=O)NC1CCCCC1,10
CC(C)n1nc(c2c(ncnc12)N)-c1cccnc1,3.7
CC(C)n1nc(c2c(ncnc12)N)-c1cccnc1,4.08
CC(C)n1nc(c2c(ncnc12)N)-c1cccnc1,3.38
CC(C)n1nc(c2c(ncnc12)N)-c1cnn(c1)C,1.51
CC(C)n1nc(c2c(ncnc12)N)-c1cnn(c1)C,1.63
CC(C)n1nc(c2c(ncnc12)N)-c1ccncc1,2.9
CC(C)n1nc(c2c(ncnc12)N)-c1ccncc1,4.73
CC(C)n1nc(c2c(ncnc12)N(C)C)-c1cnn(c1)C,10
CC(C)n1nc(c2c(ncnc12)N(C)C)-c1cnn(c1)C,10
CNC(=O)c1nn(c-2c1C(C)(C)Cc1cnc(nc12)Nc1cccc(c1)N1CCCCC1)C,0.282
CNC(=O)c1nn(c-2c1C(C)(C)Cc1cnc(nc12)Nc1cccc(c1)N1CCCCC1)C,0.443
Cn1nc(c2c1-c1nc(ncc1CC2(C)C)Nc1ccc(cc1)N1CCCCC1)C(=O)N1CCCC1,10
Cn1nc(c2c1-c1nc(ncc1CC2(C)C)Nc1ccc(cc1)N1CCCCC1)C(=O)N1CCCC1,10
Cn1nc(c2c1-c1nc(ncc1CC2(C)C)Nc1ccc(cc1)N1CCCCC1)C(=O)N1CCOCC1,10
Cn1nc(c2c1-c1nc(ncc1CC2(C)C)Nc1ccc(cc1)N1CCCCC1)C(=O)N1CCOCC1,10
CNC(=O)c1nn(c-2c1C(C)(C)Cc1cnc(nc12)Nc1ccc(cc1)C)C,0.216
CNC(=O)c1nn(c-2c1C(C)(C)Cc1cnc(nc12)Nc1ccc(cc1)C)C,0.266
CNC(=O)c1nn(c-2c1C(C)(C)Cc1cnc(nc12)NCc1ccc(cc1)OC)C,0.237
CNC(=O)c1nn(c-2c1C(C)(C)Cc1cnc(nc12)NCc1ccc(cc1)OC)C,0.245
Cn1nc(c2c1-c1nc(ncc1CC2(C)C)NC1CCCC1)C(=O)NC1CCCCC1,10
Cn1nc(c2c1-c1nc(ncc1CC2(C)C)NC1CCCC1)C(=O)NC1CCCCC1,10
Cn1nc(c2c1-c1nc(ncc1CC2(C)C)NCc1ccccc1)C(=O)NC1CCCCC1,10
Cn1nc(c2c1-c1nc(ncc1CC2(C)C)NCc1ccccc1)C(=O)NC1CCCCC1,10
CNC(=O)c1nn(c-2c1C(C)(C)Cc1cnc(nc12)Nc1ccc(cc1)N1CCCCC1)C,0.235
CNC(=O)c1nn(c-2c1C(C)(C)Cc1cnc(nc12)Nc1ccc(cc1)N1CCCCC1)C,0.381
COc1ccc(cc1)CNc1ncc2c(n1)-c1c(c(nn1C)C(=O)N1CCOCC1)C(C)(C)C2,10
COc1ccc(cc1)CNc1ncc2c(n1)-c1c(c(nn1C)C(=O)N1CCOCC1)C(C)(C)C2,10
COc1ccc(cc1)CNc1ncc2c(n1)-c1c(c(nn1C)C(=O)N1CCOCC1)C(C)(C)C2,10
COc1nc(c2c(nn(c2n1)C(C)C)-c1cccnc1)N,10
COc1nc(c2c(nn(c2n1)C(C)C)-c1cccnc1)N,10
COc1nc(c2c(nn(c2n1)C(C)C)-c1cccnc1)N,10
NCc1cccc(c1)-c1ccc2ncc(n2n1)-c1ccncc1,0.137
NCc1cccc(c1)-c1ccc2ncc(n2n1)-c1ccncc2,0.0555
CS(=O)(=O)c1ccc(cn1)-c1cnc2ccc(nn12)-c1cccc(c1)S(=O)(=O)C1CC1,0.00321
CS(=O)(=O)c1ccc(cc1)-c1cnc(c(c1)-c1ccc(nc1)C(F)(F)F)N,10
CS(=O)(=O)c1ccc(cc1)-c1cnc2ccc(nn12)-c1cccc(c1)S(=O)(=O)C,1.83
CS(=O)(=O)c1cccc(c1)-c1ccc2ncc(n2n1)-c1ccc(nc1)S(=O)(=O)C,0.000508
CS(=O)(=O)c1cccc(c1)-c1ccc2ncc(n2n1)-c1ccc(nc1)S(=O)(=O)C,0.000508
CS(=O)(=O)c1cccc(c1)-c1ccc2ncc(n2n1)-c1ccc(nc1)S(=O)(=O)C,0.00574
CS(=O)(=O)c1ccc(cc1)-c1cnc2ccc(nn12)Nc1cccc(c1)S(=O)(=O)C,0.0197
Nc1ncc(nc1-c1ccc(cc1)C(F)(F)F)-c1ccc(cc1)C(=O)O,10
Nc1nc2cc(ccc2o1)-c1nn(c2ncnc(c12)N)Cc1cccc(c1)C(F)(F)F,0.169
Nc1nc2cc(ccc2o1)-c1nn(c2ncnc(c12)N)Cc1cccc(c1)C(F)(F)F,0.131
Nc1nc2cc(ccc2o1)-c1nn(c2ncnc(c12)N)Cc1cccc(c1)F,2.7
Nc1nc2cc(ccc2o1)-c1nn(c2ncnc(c12)N)Cc1cccc(c1)F,3.69
Nc1nc2cc(ccc2o1)-c1nn(c2ncnc(c12)N)Cc1ccc(c(c1)F)Cl,0.285
Nc1nc2cc(ccc2o1)-c1nn(c2ncnc(c12)N)Cc1ccc(c(c1)F)Cl,0.153
Nc1nc2cc(ccc2o1)-c1nn(c2ncnc(c12)N)Cc1ccc(cc1F)F,0.0101
Nc1nc2cc(ccc2o1)-c1nn(c2ncnc(c12)N)Cc1ccc(cc1F)F,0.0846
Nc1nc2cc(ccc2o1)-c1nn(c2ncnc(c12)N)Cc1ccc(cc1F)F,0.0415
Nc1nc2cc(ccc2o1)-c1nn(c2ncnc(c12)N)Cc1cncc(c1)F,0.498
Nc1nc2cc(ccc2o1)-c1nn(c2ncnc(c12)N)Cc1cncc(c1)F,0.125
CCn1cc(c(n1)-c1ccc(cc1)NC(=O)N(C)C)-c1ccnc2[nH]c(cc12)-c1cccc(c1)CN(C)C,1.8
CCn1cc(c(n1)-c1ccc(cc1)NC(=O)N(C)C)-c1ccnc2[nH]c(cc12)-c1cccc(c1)CN(C)C,1.59
CCn1cc(c(n1)-c1ccc(cc1)NC(=O)N(C)C)-c1ccnc2[nH]c(cc12)-c1cccc(c1)CN(C)C,1.804
CCn1cc(c(n1)-c1ccc(cc1)NC(=O)N(C)C)-c1ccnc2[nH]c(cc12)-c1cccc(c1)CN(C)C,1.5887
COc1ccc(cn1)C1=Cc2c(nc(nc2N([C@H]2CC[C@@H](CC2)OCCO)C1=O)N)C,10
COc1ccc(cn1)C1=Cc2c(nc(nc2N([C@H]2CC[C@@H](CC2)OCCO)C1=O)N)C,10
CN1CCN(CC1)c1cc(ccn1)C(=O)Nc1cc2cc(ccc2cn1)-c1cnn(c1)C,0.603
CN1CCN(CC1)c1cc(ccn1)C(=O)Nc1cc2cc(ccc2cn1)-c1cnn(c1)C,0.787
CN1CCN(CC1)C(=O)C(C)(C)c1ccc(cc1)C(=O)Nc1cn2cc(ccc2n1)-c1ccncc1,6.37
CN1CCN(CC1)C(=O)C(C)(C)c1ccc(cc1)C(=O)Nc1cn2cc(ccc2n1)-c1ccncc2,5.53
COc1cc2nc(nc(c2cc1O[C@H]1CCOC1)N[C@H](C)c1cc(cc(c1)C(F)(F)F)N)C,10
COc1cc2nc(nc(c2cc1O[C@H]1CCOC1)N[C@H](C)c1cc(cc(c1)C(F)(F)F)N)C,10
COc1ccc(cc1)-c1ccn2ncc(c2c1)-c1ccc(nc1)S(=O)(=O)C,1.21
COc1ccc(cc1)-c1ccn2ncc(c2c1)-c1ccc(nc1)S(=O)(=O)C,3.21
COc1ccc(cc1)-c1ccc2ncc(n2c1)-c1ccc(nc1)S(=O)(=O)C,6.53
COc1ccc(cc1)-c1ccc2ncc(n2c1)-c1ccc(nc1)S(=O)(=O)C,7.29
COc1cccc(c1)-c1ccc2ncc(n2c1)-c1ccc(nc1)S(=O)(=O)C,10
COc1cccc(c1)-c1ccc2ncc(n2c1)-c1ccc(nc1)S(=O)(=O)C,10
Nc1nc2cc(ccc2o1)-c1nn(c2ncnc(c12)N)Cc1cccc(c1)NC(=O)C=C,0.157
Nc1nc2cc(ccc2o1)-c1nn(c2ncnc(c12)N)Cc1cccc(c1)NC(=O)C=C,0.358
CCC(=O)Nc1ccc(cc1)Cn1nc(c2c(ncnc12)N)-c1ccc2oc(nc2c1)N,0.994
CCC(=O)Nc1ccc(cc1)Cn1nc(c2c(ncnc12)N)-c1ccc2oc(nc2c1)N,2
Nc1nc2cc(ccc2o1)-c1nn(c2ncnc(c12)N)Cc1cccc(c1)NC(=O)CCl,0.996
Nc1nc2cc(ccc2o1)-c1nn(c2ncnc(c12)N)Cc1cccc(c1)NC(=O)CCl,0.523
Nc1nc2cc(ccc2o1)-c1nn(c2ncnc(c12)N)Cc1ccc(cc1)NC(=O)CCl,1.69
Nc1nc2cc(ccc2o1)-c1nn(c2ncnc(c12)N)Cc1ccc(cc1)NC(=O)CCl,1.19
Cn1cc(cn1)-c1ccc2[nH]c3c(c2c1)-c1cc(ncc1CC3)N,1.8514
Cn1cc(cn1)-c1ccc2[nH]c3c(c2c1)-c1cc(ncc1CC3)N,1.3521
Cn1cc(cn1)-c1ccc2[nH]c3c(c2c1)-c1ncncc1CC3,0.942
Cn1cc(cn1)-c1ccc2[nH]c3c(c2c1)-c1ncncc1CC3,0.5615
Cn1cc(cn1)-c1ccc2[nH]c3c(c2c1)-c1nc(ncc1CC3)N,1.9925
Cn1cc(cn1)-c1ccc2[nH]c3c(c2c1)-c1nc(ncc1CC3)N,1.3908
CC(C)S(=O)(=O)c1ccc(cc1)-c1cnc(c(n1)C(=O)Nc1ccccc1)N,10
CC(C)S(=O)(=O)c1ccc(cc1)-c1cnc(c(n1)C(=O)Nc1ccccc1)N,10
CC(C)S(=O)(=O)c1ccc(cc1)-c1cnc(c(n1)C(=O)Nc1ccccc1C(F)(F)F)N,10
CC(C)S(=O)(=O)c1ccc(cc1)-c1cnc(c(n1)C(=O)Nc1ccccc1C(F)(F)F)N,10
CC(C)S(=O)(=O)c1ccc(cc1)-c1cnc(c(n1)C(=O)Nc1ccccc1Cl)N,10
CC(C)S(=O)(=O)c1ccc(cc1)-c1cnc(c(n1)C(=O)Nc1ccccc1Cl)N,10
CC(C)S(=O)(=O)c1ccc(cc1)-c1cnc(c(n1)C(=O)NC1CCC(F)(F)CC1)N,10
CC(C)S(=O)(=O)c1ccc(cc1)-c1cnc(c(n1)C(=O)NC1CCC(F)(F)CC1)N,10
Nc1nc2cc(ccc2o1)-c1nn(c2ncnc(c12)N)CC1CCN(CC1)C(=O)C=C,1.12
Nc1nc2cc(ccc2o1)-c1nn(c2ncnc(c12)N)CC1CCN(CC1)C(=O)C=C,0.987
CCC(=O)N1CCC(CC1)Cn1nc(c2c(ncnc12)N)-c1ccc2oc(nc2c1)N,3.04
CCC(=O)N1CCC(CC1)Cn1nc(c2c(ncnc12)N)-c1ccc2oc(nc2c1)N,2.6
CCC(=O)N1CCC(CC1)Cn1nc(c2c(ncnc12)N)-c1ccc2oc(nc2c1)N,2.78
CCC(=O)N1CCC(CC1)Cn1nc(c2c(ncnc12)N)-c1ccc2oc(nc2c1)N,2.52
Nc1nc2cc(ccc2o1)-c1nn(c2ncnc(c12)N)C1CCN(CC1)C(=O)C=C,0.315
Nc1nc2cc(ccc2o1)-c1nn(c2ncnc(c12)N)C1CCN(CC1)C(=O)C=C,0.281
Nc1nc2cc(ccc2o1)-c1nn(c2ncnc(c12)N)C1CN(C1)C(=O)C=C,1.63
Nc1nc2cc(ccc2o1)-c1nn(c2ncnc(c12)N)C1CN(C1)C(=O)C=C,1.26
Nc1nc2cc(ccc2o1)-c1nn(c2ncnc(c12)N)C1CN(C1)C(=O)C=C,1.61
Nc1nc2cc(ccc2o1)-c1nn(c2ncnc(c12)N)C1CN(C1)C(=O)C=C,1.64
CCC(=O)N1CC(C1)n1nc(c2c(ncnc12)N)-c1ccc2oc(nc2c1)N,1.15
CCC(=O)N1CC(C1)n1nc(c2c(ncnc12)N)-c1ccc2oc(nc2c1)N,0.8
CCC(=O)N1CC(C1)n1nc(c2c(ncnc12)N)-c1ccc2oc(nc2c1)N,0.882
CCC(=O)N1CC(C1)n1nc(c2c(ncnc12)N)-c1ccc2oc(nc2c1)N,0.776
CC(=O)c1cccc(c1)Nc1nc(c2ccccc2n1)NCCCO,6.1628
CC(=O)c1cccc(c1)Nc1nc(c2ccccc2n1)NCCCO,7.6052
CC(=O)Nc1ccc(cc1)Nc1nc(c2ccccc2n1)NCCCO,10
CC(=O)Nc1ccc(cc1)Nc1nc(c2ccccc2n1)NCCCO,10
CC(=O)Nc1ccc(cc1)Nc1nc(c2ccccc2n1)NCCO,10
CC(=O)Nc1ccc(cc1)Nc1nc(c2ccccc2n1)NCCO,10
CC(=O)c1ccc(cc1)Nc1nc(c2ccccc2n1)NCCCO,10
CC(=O)c1ccc(cc1)Nc1nc(c2ccccc2n1)NCCCO,10
CC(=O)Nc1cccc(c1)Nc1nc(c2ccccc2n1)NCCO,10
CC(=O)Nc1cccc(c1)Nc1nc(c2ccccc2n1)NCCO,10
CC(=O)Nc1cccc(c1)Nc1nc(c2ccccc2n1)NCCO,10
NC(=O)c1ccc(cc1)Nc1nc(c2ccccc2n1)NCCCO,10
NC(=O)c1ccc(cc1)Nc1nc(c2ccccc2n1)NCCCO,10
NC(=O)c1ccc(cc1)Nc1nc(c2ccccc2n1)NCCO,10
NC(=O)c1ccc(cc1)Nc1nc(c2ccccc2n1)NCCO,10
OCCCNc1nc(nc2ccccc12)Nc1ccc(cc1)C(=O)O,10
OCCCNc1nc(nc2ccccc12)Nc1ccc(cc1)C(=O)O,10
CC(=O)Nc1cccc(c1)Nc1nc(c2ccccc2n1)NCCCO,10
CC(=O)Nc1cccc(c1)Nc1nc(c2ccccc2n1)NCCCO,10
CCNc1nc(cc(n1)Nc1ccc(cc1)NC(=O)Nc1cc(cc(c1)C)C)C,10
CCNc1nc(cc(n1)Nc1ccc(cc1)NC(=O)Nc1cc(cc(c1)C)C)C,10
CCNc1nc(cc(n1)Nc1ccc(cc1)NC(=O)Nc1ccccc1)C,10
CCNc1nc(cc(n1)Nc1ccc(cc1)NC(=O)Nc1ccccc1)C,10
CC(=O)Nc1ccc(cc1)Nc1cc(nc(n1)NC1CCCCC1)C,10
CC(=O)Nc1ccc(cc1)Nc1cc(nc(n1)NC1CCCCC1)C,10
CCNc1nc(cc(n1)Nc1ccc(cc1)NC(=O)Nc1ccc(cc1)C)C,10
CCNc1nc(cc(n1)Nc1ccc(cc1)NC(=O)Nc1ccc(cc1)C)C,10
CCNc1nc(cc(n1)Nc1ccc(cc1)NC(=O)Nc1cccc(c1)CC)C,10
CCNc1nc(cc(n1)Nc1ccc(cc1)NC(=O)Nc1cccc(c1)CC)C,10
O=C(NC1CC1)Nc1cn[nH]c1-c1nc2ccc(cc2[nH]1)CN1CCOCC1,8.5417
O=C(NC1CC1)Nc1cn[nH]c1-c1nc2ccc(cc2[nH]1)CN1CCOCC1,10
CCN1CCN(CC1)C(=O)Cc1ccc(cc1)Nc1ncc(c(n1)Nc1ccc(cc1)C(=O)Nc1ccccc1Cl)F,1.5175
CCN1CCN(CC1)C(=O)Cc1ccc(cc1)Nc1ncc(c(n1)Nc1ccc(cc1)C(=O)Nc1ccccc1Cl)F,1.9462
FC(F)(F)c1cccc(c1)Nc1ccnc(n1)Nc1cccc(c1)NC(=O)C1CC1,2.6339
FC(F)(F)c1cccc(c1)Nc1ccnc(n1)Nc1cccc(c1)NC(=O)C1CC1,2.7287
CCN(CCO)CCCOc1ccc2c(ncnc2c1)Nc1cc(n[nH]1)CC(=O)Nc1cccc(c1)F,10
CCN(CCO)CCCOc1ccc2c(ncnc2c1)Nc1cc(n[nH]1)CC(=O)Nc1cccc(c1)F,10
COc1cc2c(ncnc2cc1OCCCN1CCOCC1)Nc1ccc(cc1)NC(=O)c1ccccc1,10
COc1cc2c(ncnc2cc1OCCCN1CCOCC1)Nc1ccc(cc1)NC(=O)c1ccccc1,10
CN(CC1)CCC1C2=NC(C3=CC=C(F)C(NS(C)(=O)=O)=C3)=C(C4=NC(NCC5CC5)=NC=C4)S2,0.002
CN(CC1)CCC1C2=NC(C3=CC=C(F)C=C3)=C(C4=NC(NC5=CC=C(N6CCNCC6)C=C5)=NC=C4)S2,0.002
FC(C=C1)=CC=C1C2=C(C3=NC(NC4=CC=C(N5CCN(C)CC5)C=C4)=NC=C3)SC(C6CCNCC6)=N2,0.0006
FC(C=C1)=CC=C1C2=C(C3=NC(NC4=CC=C(N5CCNCC5)C=C4)=NC=C3)SC(N6CCOCC6)=N2,0.0036
FC(C=C1)=CC=C1C2=C(C3=NC(NC4=CC=C(N5CCNCC5)C=C4)=NC=C3)SC(N6CCCC6)=N2,0.002
NC1=NC(C2=CC=C(F)C=C2)=C(C3=NC(NC4=CC=C(N5CCN(C)CC5)C=C4)=NC=C3)S1,0.0033
NC1=NC(C2=CC=C(F)C=C2)=C(C3=NC(NC4=CC=C(N5CCNCC5)C=C4)=NC=C3)S1,0.0013
NC1=NC(C2=CC=C(F)C=C2)=C(C3=NC(NC4=CC=C(N5CCOCC5)C=C4)=NC=C3)S1,0.0162
FC(C=C1)=CC=C1C2=C(C3=NC(NC4=CC=C(N5CCNCC5)C=C4)=NC=C3)SC(NC(C)=O)=N2,0.0017
FC(C=C1)=CC=C1C2=C(C3=NC(NC4=CC=C(N5CCNCC5)C=C4)=NC=C3)SC(NC(C6CC6)=O)=N2,0.0339
O=C(C1CCN(C)CC1)NC(S2)=NC(C3=CC=C(F)C=C3)=C2C4=NC(NC5=CC=C(N6CCNCC6)C=C5)=NC=C4,0.0048
FC(C=C1)=CC=C1C(N=C(NS(=O)(CCC)=O)S2)=C2C3=NC(NC4=CC=C(N5CCNCC5)C=C4)=NC=C3,0.0017
FC(C=C1)=CC=C1C(N=C(C2CCNCC2)S3)=C3C4=NC(NC5=NN=CS5)=NC=C4,0.0038
FC(C=C1)=CC=C1C(N=C(C2CCNCC2)S3)=C3C4=NC(NC5=NN=C(C)S5)=NC=C4,0.0036
FC(C=C1)=CC=C1C(N=C(C2CCNCC2)S3)=C3C4=NC(NC5=NC(C)=CS5)=NC=C4,0.0023
FC(C=C1)=CC=C1C(N=C(C2CCNCC2)S3)=C3C4=NC(NC5=CC(C)=NO5)=NC=C4,0.003
FC(C=C1)=CC=C1C(N=C(C2CCNCC2)S3)=C3C4=NC(NC5=NN(C)C(C)=C5)=NC=C4,0.0017
FC(C=C1)=CC=C1C(N=C(C2CCNCC2)S3)=C3C4=NC(NC5=CC=CC=N5)=NC=C4,0.0056
FC(C=C1)=CC=C1C(N=C(C2CCNCC2)S3)=C3C4=NC(NC5=NC=CN=C5)=NC=C4,0.005
FC(C=C1)=CC=C1C(N=C(C2CCNCC2)S3)=C3C4=NC(NC5=NN=CC=C5)=NC=C4,0.0043
FC(C=C1)=CC=C1C(N=C(C2CCNCC2)S3)=C3C4=NC(NC5=NC=NC=C5)=NC=C4,0.0117
FC(C=C1)=CC=C1C(N=C(C2CCNCC2)O3)=C3C4=NC(NC5=CC=NC=N5)=NC=C4,0.0891
FC(C=C1)=CC=C1C(N=C(C2CCNCC2)S3)=C3C4=NC(NC5=CC(C)=NC=C5)=NC=C4,0.0044
FC(C=C1)=CC=C1C(N=C(C2CCNCC2)S3)=C3C4=NC(NC5=CC(C)=NC(C)=C5)=NC=C4,0.01
FC(C=C1)=CC=C1C(N=C(C2CCNCC2)S3)=C3C4=NC(NC5=CC=C(F)C(C)=N5)=NC=C4,0.0102
FC(C=C1)=CC=C1C(N=C(C2CCNCC2)S3)=C3C4=NC(NC5=CC(CC)=C(F)C(C)=N5)=NC=C4,0.0017
FC(C=C1)=CC=C1C(N=C(C2CCNCC2)S3)=C3C4=NC(NC5=CC(C6CC6)=C(F)C(C)=N5)=NC=C4,0.0017
FC(C=C1)=CC=C1C(N=C(C2CCNCC2)S3)=C3C4=NC(NC5=CC(C6CCC6)=C(F)C(C)=N5)=NC=C4,0.0525
FC(C=C1)=CC=C1C(N=C(C2CCNCC2)S3)=C3C4=NC(NCCN5CCOCC5)=NC=C4,0.0447
FC(C=C1)=CC=C1C(N=C(C2CCNCC2)S3)=C3C4=NC(NCCN5CCSCC5)=NC=C4,0.0126
FC(C=C1)=CC=C1C(N=C(C2CCNCC2)S3)=C3C4=NC(N5CCC(N6CCOCC6)CC5)=NC=C4,0.001
FC(C=C1)=CC=C1C(N=C(C2CCNCC2)S3)=C3C4=NC(N5CCC(CN6CCOCC6)CC5)=NC=C4,0.001
CC1=CN(C2=CC=NC(N[C@@H]3CN(C(CC4=CN=CS4)=O)CC3)=N2)C(C5=CC=CC=C5)=N1,0.32
CC1=CN(C2=CC=NC(N[C@@H]3CN(C(CC4=NN(C)C=C4)=O)CC3)=N2)C(C5=CC=CC=C5)=N1,1
FC1=CC=C(C2=C(C3=CC=NC=C3)NC(C4CCN(C)CC4)=C2)C=C1,0.022
O=C(C1=NC=CS1)N(CC2)C[C@@H]2NC3=NC(N(C(C4=CC=CC=C4)=N5)C=C5C6CC6)=CC=N3,0.1
O=C(C1=NC=CS1)N(CC2)C[C@@H]2NC3=NC(N(C(C4=CC=CC(Cl)=C4)=N5)C=C5C6CC6)=CC=N3,0.06
CC1=CN(C2=CC=NC(N[C@H]3CN(C(C4=NC=CS4)=O)CC3)=N2)C(C5=CC=CC(OC)=C5)=N1,0.086
CC1=CN(C2=CC=NC(N[C@H]3CN(C(C4=NC=CS4)=O)CC3)=N2)C(C5=CC=C(Cl)C=C5)=N1,1.16
CC1=CN(C2=CC=NC(N[C@H]3CN(C(C4=NC=CS4)=O)CC3)=N2)C(C5=CC=CC(OC(F)(F)F)=C5)=N1,0.15
FC(C=C1)=CC=C1C2=C(C3=CC=NC=C3)C=C(C4CCN(C)CC4)N2,0.031
O=C(C1=NC=CS1)N(C2)CC[C@H]2NC3=NC=CC(C4=C(CS(=O)(C)=O)ON=C4C5=CC(Cl)=CC=C5)=N3,0.014
O=S(CC1=C(C(C2=CC(Cl)=CC=C2)=NO1)C3=NC(N[C@@H]4CCN(CC5=NC=CS5)C4)=NC=C3)(C)=O,0.792
O=C(C1=NN(C)C=C1)N(C2)CC[C@H]2NC3=NC=CC(C4=C(CN(CC)CC)ON=C4C5=CC(Cl)=CC=C5)=N3,0.021
CN(CCC)CC1=C(C(C2=CC(Cl)=CC=C2)=NO1)C3=NC(N[C@@H]4CCN(C(C5=NN(C)C=C5)=O)C4)=NC=C3,0.024
CC(C)CCNC(N=C1)=CC=C1C2=CN=C3N2N=C(NC4CCC(N)CC4)C=C3,0.109
CN(CC1)CCC1NC(C=C2)=NN3C2=NC=C3C4=CC(F)=C(NC5=NC=CC=C5)C(F)=C4,0.069
CN(CC1)CCC1NC(C=C2)=NN3C2=NC=C3C4=CC(F)=C(NC5=NC=CC=C5F)C(F)=C4,0.237
NC(CC1)CCC1NC(C=C2)=NN3C2=NC=C3C4=CC=C(NC5=NC=CC=C5F)C=C4,0.048
CC(C)CCNC(N=C1)=CC=C1C2=CN=C3N2N=C(NC4CCNCC4)C=C3,0.256
FC1=CC=CN=C1NC(C=C2)=CC=C2C3=CN=C4N3N=C(NC5CCNCC5)C=C4,0.162
CN(CC1)CCC1NC(C=C2)=NN3C2=NC=C3C4=CN=C(NC5=NC=CN=C5)C(F)=C4,0.249
CN(CC1)CCC1NC(C=C2)=NN3C2=NC=C3C4=CC=C(NC5=NC=CC=C5)C(F)=C4,0.088
CN(CC1)CCC1NC(C=C2)=NN3C2=NC=C3C4=CN=C(NC5=NC=CC=C5F)C=C4,0.118
CN(CC1)CCC1NC(C=C2)=NN3C2=NC=C3C4=CC=C(NC5=NC=CC=C5F)C=C4,0.404
FC1=CC(C2=CN=C3N2N=C(NC4CCNCC4)C=C3)=CC=C1NC5=NC=CC=C5,0.087
CN(CC1)CCC1NC(C=C2)=NN3C2=NC=C3C4=CN=C(NCCC(C)C)N=C4,0.16
FC1=CC=CN=C1NC(C=C2)=NC=C2C3=CN=C4N3N=C(NC5CCNCC5)C=C4,0.062
FC1=CC(C2=CN=C3N2N=C(NC4CCNCC4)C=C3)=CN=C1NC5=NC=CC=C5,0.054
C(C=C1)(NC2CCNCC2)=NN3C1=NC=C3C4=CN=C(NC5=NC=CC=C5)N=C4,0.02
FC1=CC(C2=CN=C3N2N=C(NC4CCNCC4)C=C3)=CN=C1NC5=CN=CC=N5,0.101
FC1=CC=CN=C1NC(N=C2)=NC=C2C3=CN=C4N3N=C(NC5CCC(N6CCNCC6)CC5)C=C4,0.003
CC(C)CCNC(N=C1)=NC=C1C2=CN=C3N2N=C(NC4CCNCC4)C=C3,0.093
CC(C)CCNC(N=C1)=NC=C1C2=CN=C3N2N=C(NC4CCN(C)CC4)C=C3,0.287
FC1=CC=CN=C1NC(N=C2)=NC=C2C3=CN=C4N3N=C(NC5CCNCC5)C=C4,0.007
FC1=CC=CN=C1NC(N=C2)=NC=C2C3=CN=C4N3N=C(NC5CCN(C)CC5)C=C4,0.005
FC1=CC=CN=C1NC(N=C2)=NC=C2C3=CN=C4N3N=C(N5CC(N(C)C)CC5)C=C4,0.05
FC1=CC=CN=C1NC(N=C2)=NC=C2C3=CN=C4N3N=C(NC5CCC(N)CC5)C=C4,0.002
NC(CC1)CCC1NC(C=C2)=NN3C2=NC=C3C4=CN=C(NCCC(C)C)N=C4,0.044
FC1=CC=CN=C1NC(N=C2)=NC=C2C3=CN=C4N3N=C(NCC5CCN(C)CC5)C=C4,0.004
FC1=CC=CN=C1NC(N=C2)=NC=C2C3=CN=C4N3N=C(NC5CCC(N6CCCC6)CC5)C=C4,0.002
C(C=C1)(NC2CCNCC2)=NN3C1=NC=C3C4=CN=C(NC5=CN=CC=N5)N=C4,0.034
FC1=CC=NC=C1NC(N=C2)=NC=C2C3=CN=C4N3N=C(NC5CCC(N6CCOCC6)CC5)C=C4,0.013
CN(CC1)CCC1NC(C=C2)=NN3C2=NC=C3C4=CC=C(NCCC(C)C)N=C4,0.484
NC(CC1)CCC1NC(C=C2)=NN3C2=NC=C3C4=CN=C(NC5=CC=CC=N5)C(F)=C4,0.012
CN(C1)CCC1NC(C=C2)=NN3C2=NC=C3C4=CC=C(NCCC(C)C)N=C4,1
FC1=CC=C(C2=C(C3=NC(N)=NC=C3)N(C4CCNCC4)C=N2)C=C1,0.066
CC(C)SC1=NC(C2=CC=C(OC)C=C2)=C(C3=CC=NC=C3)N1,0.002
CC(CNS(C)(=O)=O)(C)C1=NC(C2=CC=C(Cl)C(O)=C2)=C(C3=CC=NC=C3)N1,0.009
CC(NS(C)(=O)=O)(C)C1=NC(C2=CC=C(Cl)C(O)=C2)=C(C3=CC=NC=C3)N1,0.006
CC(C1=NC(C2=CC=C(Cl)C(O)=C2)=C(C3=CC=NC=C3)N1)(C)CNCC4=NC=CS4,0.011
O=S(C1=COC=C1)(NC2=CC=CC(C3=C(C4=CC=NC(N)=N4)NC(C5CCOCC5)=N3)=C2F)=O,0.005
OC(C(C=C1)=CC=C1C2=NC(C3=CC=CC(O)=C3)=C(C4=CC=NC=C4)N2)=O,0.051
FC1=CC=C(C2=C(C3=CC=NC(N)=N3)N([C@H]4CC[C@H](O)CC4)C=N2)C=C1,0.08
ClC1=CC=C(C=C1O)C2=C(C3=CC=NC=C3)NC(C(C)(C)CNC(C)=O)=N2,0.002
ClC1=CC=C(C=C1O)C2=C(C3=CC=NC=C3)NC(C(C)(C)NC(C4=CC=CN=C4)=O)=N2,0.075
CC(CNCC1CCN(CCOC)CC1)(C)C2=NC(C3=CC=C(Cl)C(O)=C3)=C(C4=CC=NC=C4)N2,0.02
CC(CN1CCCCC1)(C)C2=NC(C3=NC(N)=NC=C3)=C(C4=CC=C(Cl)C(O)=C4)N2,0.014
CC(CN)(C)C1=NC(C2=CC=C(Cl)C(OC)=C2)=C(C3=CC=NC=C3)N1,0.002
CC(C)C1=NC(C2=CC=NC(NCCO)=N2)=C(C3=CC(C(F)(F)F)=CC=C3)N1,0.251
OC(C(C=C1)=CC=C1C2=NC(C3=CC=C(F)C=C3)=C(C4=CC=NC=C4)N2)=O,0.122
CC(C)C[C@@H](CO)N1C(C2=CC=NC(NC)=N2)=C(C3=CC=C(F)C=C3)N=C1,0.26
NCC(C)(C)C1=NC(C2=CC=C(Cl)C(Cl)=C2)=C(C3=CC=NC=C3)N1,0.008
CC(C1=NC(C2=CC=C(Cl)C(Cl)=C2)=C(C3=CC=NC=C3)N1)(C)C(N4CCCC4)=O,0.05
BrC1=C(C=C(O)C=C1)C(N=C(C2=CC=C(CN)C=C2)N3)=C3C4=CC=NC=C4,0.006
FC1=CC=C(C=C1)C2=C(C3=CC=NC=C3)NC(C4=C(S(C)=O)C=CC=C4)=N2,0.011
FC(F)(F)C1=CC=C(C=C1)C2=C(C3=CC=NC=C3)N(CC4CC4)C=N2,0.479
N#CC(C=C1)=CC=C1C2=NC(C3=CC=NC=C3)=C(C4=CC=CC=N4)N2,0.989
N#CC(C=C1)=CC=C1C2=NC(C3=CC=NC=C3)=C(C4=CC=NC=C4)N2,0.617
CCN1C=C(C2=CC=NC=N2)C(C3=CC(NS(C4=C(F)C=CC(F)=C4)(=O)=O)=CC=C3)=N1,0.041
NC1=C(C2=CC3=C(OCO3)C=C2)C(C4=CC=NC=C4)=NN1,0.072
CC(C)(C)CN1N=C(C2=CC=C3SC=NC3=C2)C(C(N)=O)=C1N,0.094
OC(C1=CC=CN=C1)C2=CC3=CC=C(C4=NN(CC)C(NC)=C4C(N)=O)C=C3N2,0.053
FC(F)(F)C1=CC(C2=NNC=C2C3=CC=NC=C3)=CC=C1,0.023
OCC1=CC2=C(C3=CC=NC=C3)C(C4=CC=C(F)C=C4)=NN2C=C1,0.072
NC(C1=C(N)N(C(C)(C)C)N=C1C2=CC=C(OC)C=C2)=O,0.254
CC(CO)NC1=NC=CC(C(C(C2=CC=CC=C2)=N3)=C4N3CCOC4)=N1,0.363
C1(C2=CNN=C2C3=CC=CN=C3)=CC=NC=C1,0.733
COC1=CC=C(C=C1)C2=NNC=C2C3=CC=NC=N3,0.272
FC1=CC=C(C(F)=C1)N(C(N)=C2C(N)=O)N=C2C3=CC=C4OCOC4=C3,0.398
NC(C1=C(NCC(C)C)NN=C1C(C=C2)=CC3=C2SC=N3)=O,0.417
CC(COC1=CC=C(C2=NN(C(C)CC)C(NC)=C2C(N)=O)C=C1)C,0.457
CC(C)(C)N1C(N)=C(C(N)=O)C(C2=CC3=C(C=CN3)C=C2)=N1,0.209
NC(C1=C(N(C2=CC=CC(F)=C2)N=C1C3=CC4=C(SC=N4)C=C3)NC)=O,0.432
OC(C1=CC=CC(C2=NN3C(C=CC=C3)=C2C4=CC=NC=C4)=C1)=O,0.468
NC1=NC(C2=C(F)C(NS(C3=C(F)C=CC=C3F)(=O)=O)=CC=C2)=C(C4=CC=NC(N)=N4)S1,0.068
NC(CC1=NC(C2=CC=CC=C2)=C(C3=NC(NC4=C(C)C=CC(S(C)(=O)=O)=C4)=NC=C3)S1)=O,0.013
CC(C)(C)C1=NC(C2=C(F)C(NS(CC(F)(F)F)(=O)=O)=CC=C2)=C(C3=NC(N)=NC=C3)S1,0.032
FC1=CC=C(C2=C(C3=NC(N[C@@H]4CC[C@@H](O)CC4)=NC=C3)SC(C5CCOCC5)=N2)C=C1F,0.068
CC(C)C1=NC(C2=CC(NC3COCC3)=CC=C2)=C(C4=CC=NC(N)=N4)S1,0.025
CC(CN)(C)C1=CC(C2=CC(O)=C(Cl)C=C2)=C(C3=CC=NC=C3)O1,0.002
NS(C1=CC=CC(C2=C(C3=CC=NC=C3)OC(C4=CC=C(OCCN(C)C)C=C4)=C2)=C1)(=O)=O,0.003
CN(CCNC(C1=CC(C2=CC(O)=CC=C2)=C(C3=CC=NC=C3)O1)=O)C,0.162
CN1CCC(N(CC2=C3C(N=C(C4=NON=C4N)N3CC)=C(C5=CC=CC=C5)N=C2)C)CC1,0.039
NCCCNC1=NC(C2=CC=CC=C2)=C3C(N(CNC4=NON=C45)C5=N3)=C1,0.079
NC1=NON=C1C2=NC3=C(C4=CNC=C4)N=CC(OCC5CCNCC5)=C3N2CC,0.022
CNS(C1=CC=CC(NC2=NC(NC3=CC=CC(S(NC)(=O)=O)=C3)=NC=C2)=C1)(=O)=O,0.07
CNS(C(C=C1)=CC=C1NC2=NC(NC3=C4C(NN=C4)=CC=C3)=CC=N2)(=O)=O,0.082
CN(CC1)CCN1C(C2=CC(C(O3)=C(C4=CC=C(OC)C=C4)C5=C3N=CN=C5N)=CC=C2)=O,0.01
NC1=C2C(OC(C(NCCN(C)C)=O)=C2C3=CC=C(OC)C=C3)=NC=N1,0.11
O=C(NC1=CC(OC)=CC=C1OC)C(C)SC2=NC=NC3=C2N=CN3,0.347
COC1=C(OC)C=CC(CCNC(CSC2=C3C(NN=C3)=NC=N2)=O)=C1,0.104
CN1CCN(C2=NC(NC3=CC=CC(OC)=C3)=NC(C4=CC=NC=C4)=C2)CC1,0.027
N#CCC(C=C1)=CC=C1C2=CC=NC(NC3=CC=C4C=NNC4=C3)=N2,0.092
O=C1NC=CC(CCNC2=NC(C3=CC(CN4CCNCC4)=CC=C3)=CC=N2)=C1,0.427
NC(C1=CC=C(F)C=C1NC2=NC(NC3=CC=C(CS(C)(=O)=O)C=C3OC)=NC4=C2C=CN4)=O,0.05
OC[C@@H](C1=CC=CC=C1)NC(C2=NC3=C(C4=CNN=C4)C=NC=C3C=C2)=O,0.094
NCCNCC(S1)=CC=C1C2=C(OC3CCNCC3)C=C4C(C=CN=C4)=C2,0.324
CC1=C(C=CO1)C2=NC=C(OCCNC)C=C2C3=CC=C4C(C=CN=C4)=C3,0.007
O=C(C1=CC(OCC2=CN=CC=C2)=CC=C1)N3CCC4=C(C=CS4)C3CN5CCCCC5,0.036
OC1=CC(C2=C(C3=CC=NC=C3)C4=C(N=C(N)C=C4)N2)=CC=C1Cl,0.022
NC1=NC(NC2=C3C(C=NC=C3)=CC=C2)=NN1C(C4CCCCC4)=O,0.09
CC(C1=CC=CC(C2=NC(NCCC3=CC=C(S(N)(=O)=O)C=C3)=NC=C2)=C1)N4CCNCC4,0.117
ClC1=C(OC)C=CC(C2=C(SC(NC3CC3)=N2)C4=CC=NC(NC5=CC(F)=C(OCCN6CCCC6)C=C5)=N4)=C1,0.00061
FC1=C(OCCN2CCCC2)C=CC(NC3=NC(C4=C(C5=CC(C6=CN=NN6)=CC=C5)N=C(NCC)S4)=CC=N3)=C1,0.00092
OOC1=C(OCCN(C)C)C=C(NC2=NC(C3=C(C4=CC(Cl)=C(OC)C=C4)N=C(NC5CC5)S3)=CC=N2)C=C1,0.00054
CN(C)CCOC1=C(OC)C=CC(NC2=NC(C3=C(C4=CC(OC)=CC(OC)=C4)N=C(NCC)S3)=CC=N2)=C1,0.00063
CC1=CC(NC2=NC(C3=C(C4=CC(OC)=CC(OC)=C4)N=C(NCC)S3)=CC=N2)=CC=C1OCCN(C)C,0.00111
CCN(CC1)CC1OC(N=C2)=CC=C2NC3=NC(C4=C(C5=CC(OC)=CC(OC)=C5)N=C(NCC)S4)=CC=N3,0.00048
CC1=CC(NC2=NC=CC(C3=C(C4=CC(OC)=CC=C4)N=C(NCC)S3)=N2)=CC=C1OCCN(C)C,0.00091
CC(C)N1CCC(OC2=C(F)C=C(NC3=NC=CC(C4=C(C5=CC(OC)=CC(OC)=C5)N=C(N)S4)=N3)C=C2)CC1,0.00063
COC1=CC(C2=C(SC(NCC)=N2)C3=NC(NC4=CC(OC)=C(C=C4)N5CCN(C(C)C)CC5)=NC=C3)=CC(OC)=C1,0.0009
ClC1=CC(NC2=NC(C3=C(C4=CC=CC(O)=C4)N=C(NCC)S3)=CC=N2)=CC=C1OCCN5CCCC5,0.00075
FC1=C(OCCN2CCCC2)C=CC(NC3=NC=CC(C4=C(C5=CC(OC)=CC(OC)=C5)C=C(NC)S4)=N3)=C1,0.00037
FC1=CC(NC2=NC(C3=C(C4=CC(OC)=CC(OC)=C4)N=C(NCC)S3)=CC=N2)=CC=C1OCCN5CCC5,0.00074
COC1=C(OCCN2CCCC2)C=CC(NC3=NC(C4=C(C5=CC(OC)=CC=C5)N=C(NCC)S4)=CC=N3)=C1,0.00057
COC1=CC(NC2=NC(C3=C(C4=CC=CC(O)=C4)N=C(NCC)S3)=CC=N2)=CC(OC)=C1OC,0.00019
CCNC1=NC(C2=CC=C3C(OCO3)=C2)=C(S1)C4=CC=NC(NC5=CC(F)=C(OCCN6CCCC6)C=C5)=N4,0.00054
FC1=C(OC2CCNCC2)C=CC(NC3=NC=CC(C4=C(C5=CC(OC)=CC(OC)=C5)N=C(NCC)S4)=N3)=C1,0.00065
CN(CC1)CCN1C2=CC=C(NC3=NC(C4=C(C5=CC=C6C(OCO6)=C5)N=C(NCC)S4)=CC=N3)C=C2F,0.00079
CN(CC1)CCN1C2=CC=C(NC3=NC(C4=C(C5=CC=CC(S(C)(=O)=O)=C5)N=C(NCC)S4)=CC=N3)C=C2F,0.00082
CN(CC1)CCN1C2=CC=C(NC3=NC(C4=C(C5=CC=NC(OC)=C5)N=C(NCC)S4)=CC=N3)C=C2F,0.00062
CN(CC1)CCN1C2=C(F)C=C(NC3=NC(C4=C(C5=CC(OC)=C(F)C=C5)N=C(NCC)S4)=CC=N3)C=C2,0.00102
CCNC1=NC(C2=CC(OCO3)=C3C=C2)=C(S1)C4=CC=NC(NC5=CC=C(N6CCS(CC6)(=O)=O)N=C5)=N4,0.00052
CCNC1=NC(C2=CC(OCO3)=C3C=C2)=C(S1)C4=CC=NC(NC5=CC=C(N6CCN(C(C)=O)CC6)N=C5)=N4,0.00072
OCC1=CC(C2=C(SC(C(C)C)=N2)C3=CC=NC(NC4=CC=C(N5CCN(C(C)=O)CC5)N=C4)=N3)=CC=C1,0.00105
FC1=C(C2=C(C3=CC=NC(N)=N3)SC(C4CCNCC4)=N2)C=CC=C1NS(C5=COC=C5)(=O)=O,0.00093
FC1=C(C2=C(C3=CC=NC(N)=N3)SC(C4(C)CCNCC4)=N2)C=CC=C1NS(C5=COC=C5)(=O)=O,0.00081
CCNC1=NC(C2=CC(O)=CC=C2)=C(C3=CC=NC(NC4=CC=C(S(C)(=O)=O)C=C4)=N3)S1,0.00112
OC1=CC=CC(C2=C(C3=CC=NC(NC4=CC=CC(S(C)(=O)=O)=C4)=N3)SC(N(C)C)=N2)=C1,0.00086
CS(C1=CC=CC(C2=C(C3=CC=NC(NC4=CC(C(N)=O)=CC=C4)=N3)SC(NCC)=N2)=C1)(=O)=O,0.00059
NC1=NC(C2=C(C3=CC=CC(NS(C4=COC=C4)(=O)=O)=C3Cl)N=C(N5CCNCC5)S2)=CC=N1,0.0011
NCCNC(C1=CC=CC(NC2=NC(C3=C(C4=CC(O)=CC=C4)N=C(N(C)C)S3)=CC=N2)=C1)=O,0.001
FC1=CC=C(C=C1)C2=C(C3=NC(NC4=CC=C(N5CCN(C)CC5)C=C4)=NC=C3)SC(C6CCNCC6)=N2,0.0006
NC(S1)=NC(C2=CC=C(F)C=C2)=C1C3=NC(NC4=CC=C(N5CCNCC5)C=C4)=NC=C3,0.0009
CN1CCC(C2=NC(C3=CC=C(F)C=C3)=C(C4=CC=NC(N)=N4)S2)CC1,0.017
FC1=CC=C(C=C1)C(N=C(C2CCN(C)CC2)S3)=C3C4=CC=NC(NC5=CC=C(N6CCN(C)CC6)C=C5)=N4,0.015
FC1=CC=C(C=C1)C(N=C(C2CCN(C)CC2)S3)=C3C4=CC=NC(NC)=N4,0.001
FC1=CC=C(C=C1)C(N=C(C2CCN(C)CC2)S3)=C3C4=CC=NC(NC5=CC=C(N6CCNCC6)C=C5)=N4,0.0007
FC1=CC=C(C=C1)C(N=C(C2CCN(C)CC2)S3)=C3C4=CC=NC(NC5=CC=C(C6CCNCC6)C=C5)=N4,0.0003
FC1=CC=C(C=C1)C(N=C(C2CCNCC2)S3)=C3C4=CC=NC(NC5=CC=C(N6CCNCC6)C=C5)=N4,0.0005
FC1=CC=C(C=C1)C(N=C(C2CCN(C)C2)S3)=C3C4=CC=NC(NC5=CC=C(N6CCN(C)CC6)C=C5)=N4,0.006
CN(C1)CCC1C(S2)=NC(C)=C2C3=CC=NC(NC4=CC=C(N5CCNCC5)C=C4)=N3,0.149
CN(C1)CCC1C(S2)=NC(C3CC3)=C2C4=CC=NC(NC5=CC=C(N6CCNCC6)C=C5)=N4,0.047
CN(C1)CCC1C(S2)=NC(C3=CC(S(=O)(C)=O)=CC=C3)=C2C4=CC=NC(NC5=CC=C(N6CCNCC6)C=C5)=N4,0.0009
NC1=NC(C2=C(C3=CC(S(=O)(C)=O)=CC=C3)N=C(C4CCN(C)C4)S2)=CC=N1,0.033
CN(C1)CCC1C(S2)=NC(C3=CC(S(=O)(C)=O)=CC=C3)=C2C4=CC=NC(NC5CCOCC5)=N4,0.009
CN(C1)CCC1C(S2)=NC(C3=CC(S(=O)(C)=O)=CC=C3)=C2C4=CC=NC(NC5CC5)=N4,0.017
CN(C1)CCC1C(S2)=NC(C3=CC(S(=O)(C)=O)=CC=C3)=C2C4=CC=NC(NCC5CC5)=N4,0.006
CN(C1)CCC1C(S2)=NC(C3=CC=C(F)C(NS(=O)(C)=O)=C3)=C2C4=CC=NC(NCC5CC5)=N4,0.002
FC(C=C1)=CC=C1C2=C(C3=NC(N)=NC=C3)N4C=CC(CN(C)C)=CC4=N2,0.0031
FC(C=C1)=CC=C1C2=C(C3=NC(NC4=CC=C(N5CCNCC5)C=C4)=NC=C3)N6C=CC=CC6=N2,0.00171
FC(C=C1)=CC=C1C2=C(C3=NC(NC4=CC=C(N5CCNCC5)C=C4)=NC=C3)N6C=C([H])C(CN(C)C)=CC6=N2,0.00079
FC(C=C1)=CC=C1C2=C(C3=NC(NC4=CC=C(N5CCNCC5)C=C4)=NC=C3)N6C=C(C)C(CN(C)C)=CC6=N2,0.00045
CN(C)CC1=CC2=NC(C3=CC=CC(S(C)(=O)=O)=C3)=C(C4=NC(N[H])=NC=C4)N2C=C1,0.00088
CN(C)CC1=CC2=NC(C3=CC=CC(S(C)(=O)=O)=C3)=C(C4=NC(NC5CC5)=NC=C4)N2C=C1,0.00013
NC1=NC=CC(C2=C(C3=CC=CC(NS(C)(=O)=O)=C3)N=C4N2C=CC(CN(C)C)=C4)=N1,0.00434
CN(C)CC1=CC2=NC(C3=CC=C(F)C(NS(C)(=O)=O)=C3)=C(C4=NC(N[H])=NC=C4)N2C=C1[H],0.00079
CN(C)CC1=CC2=NC(C3=CC=C(F)C(NS(C)(=O)=O)=C3)=C(C4=NC(N[H])=NC=C4)N2C=C1C,0.00119
CN(C)CC1=CC2=NC(C3=CC=C(F)C(NS(C)(=O)=O)=C3)=C(C4=NC(NCC5CC5)=NC=C4)N2C=C1[H],0.00016
CN(CC1)CCC1C2=CC(C3=CC=NC=C3)=C(C4=CC=C(F)C=C4)N2,0.0035
